Phone,VMailMessage,DayMins,EveMins,NightMins,IntlMins,CustServCalls,DayCalls,EveCalls,NightCalls,IntlCalls,AccountLength,IntlPlan
327-1058,0,166,74.6,247.9,6.3,0,79,100,74,7,112,0
327-1319,23,182.1,164.6,128.8,12.7,3,94,59,102,4,22,0
327-3053,0,110.9,158.5,207.5,6.2,1,91,115,131,5,87,0
327-3587,36,87.2,169.3,166.7,10.9,6,92,110,80,5,103,0
327-3850,0,149,245.3,260,8.3,0,115,105,94,3,91,0
327-3954,0,198.2,207.3,190.9,8.7,4,87,76,113,3,99,0
327-4795,0,230.4,225,198.5,7.6,3,117,101,111,6,119,0
327-5525,16,143.5,242.6,147.7,11.3,0,76,58,95,3,61,1
327-5817,29,179.9,189.2,164.3,12.8,3,97,89,76,7,98,0
327-6087,0,146.9,114.3,114.5,11.4,3,94,111,97,5,107,0
327-6179,0,168.8,220.3,154.3,10.9,0,97,87,113,2,53,0
327-6194,0,212.3,228.4,163.3,7.7,0,107,103,116,3,85,0
327-6764,0,162.3,212.5,214.7,11.1,4,99,95,114,8,105,0
327-6989,42,248.9,170.8,104.5,11.2,1,93,108,91,8,75,0
327-8495,0,232.1,327.1,226.5,10.9,3,74,88,119,2,41,0
327-8732,27,221.7,236.1,192.7,8,0,100,70,91,4,100,0
327-9289,31,142.1,193,253.4,11,1,77,97,88,4,52,0
327-9341,34,146.4,89.7,220,15.6,2,104,103,91,4,122,0
327-9957,0,51.5,164,169.4,9.5,3,90,98,80,4,80,0
328-1206,23,243.9,133,213.7,13.4,2,112,106,123,11,155,0
328-1222,0,188.8,217.4,220.1,8.2,4,60,64,100,7,118,0
328-1373,0,149.2,161.9,197.9,8.3,3,146,109,109,2,48,0
328-1522,0,175.4,248.1,122.4,12.2,0,130,105,85,4,73,0
328-1768,20,187.5,169.8,175.3,12.1,1,110,94,127,4,93,1
328-2110,0,144,181.6,128.1,12.3,0,90,100,93,2,137,0
328-2236,0,112.7,217.7,152.1,6.5,1,119,109,76,5,97,0
328-2478,0,229.3,184.5,168.2,8.8,2,93,111,91,3,116,0
328-2647,0,203.5,289.6,212.9,8.7,3,89,69,71,3,81,0
328-2982,0,69.4,190.8,219.9,8.9,0,79,109,102,5,95,0
328-3266,0,239.8,214.8,143.3,8.7,2,125,111,81,5,97,0
328-3402,0,191.6,205.6,210.2,9.2,2,115,108,123,3,125,0
328-4231,31,191.8,267.8,200.5,12.8,2,75,135,62,3,60,0
328-5050,0,243.1,231.4,180.9,7.8,2,105,108,120,4,58,0
328-5188,0,287.4,259.6,153.2,10,1,118,84,86,3,117,1
328-6011,0,234.4,279.3,234.2,2,1,103,109,121,2,94,0
328-6289,23,157.6,247,259.2,13.7,0,129,96,112,2,139,0
328-6770,0,151.4,186.4,172.5,10.9,0,89,76,120,3,93,0
328-7209,20,198.9,274,190.7,14.3,1,77,88,76,9,149,0
328-7252,0,185.9,212,282.3,11.3,3,95,98,81,4,77,0
328-7833,0,227.1,120.5,117,4.7,5,116,103,102,4,98,0
328-8147,27,153.5,194,256.5,10.2,5,84,73,94,7,120,0
328-8179,27,156.7,236.5,123.2,12.6,2,51,118,111,6,90,0
328-8230,0,180.8,288.8,191.9,14.1,2,109,58,91,6,28,0
328-8747,0,135.2,242,246.9,10.2,2,98,107,96,2,162,0
328-8808,0,137,217,182.1,10,2,128,116,86,5,109,0
328-8980,0,239.9,261.6,207.1,8.9,2,120,88,88,4,37,0
328-9006,0,139.2,191.4,286.5,11.8,3,140,113,125,3,78,0
328-9267,32,90,276.3,185.2,8.6,2,87,113,107,6,97,0
328-9315,35,230.5,265.8,269.7,10.6,5,116,130,69,6,109,0
328-9797,0,261.8,245,202.1,14.7,0,69,135,94,4,63,0
328-9869,0,162.3,213.7,192.1,10.9,0,88,118,81,2,194,0
329-1410,30,262.8,215.8,154.8,7.8,0,114,130,88,2,87,0
329-1955,0,293,160.6,143.9,10,2,88,101,87,6,108,0
329-2045,0,144,224.7,227.7,10,1,102,73,91,7,96,0
329-2204,33,179.1,238.3,165.7,10.6,2,93,102,96,1,99,0
329-2388,0,144.2,212.2,169.3,9.5,0,87,74,87,4,122,0
329-2786,0,194.2,249.4,254.9,12.9,1,106,105,129,1,161,1
329-2789,0,226.3,223,255.6,13,4,88,107,92,3,86,0
329-2918,0,149.8,276.3,241.4,10.9,2,123,75,75,7,80,0
329-3222,29,117.8,256.8,147.6,7.6,3,66,114,76,3,119,0
329-3458,39,91.5,219.9,229,12.7,2,125,113,99,8,118,0
329-4391,0,170.9,132.3,112.9,11.6,1,124,95,89,3,193,0
329-4474,19,175.3,241.3,211.4,7.8,0,96,146,109,2,137,0
329-5114,0,257.9,211.6,189.3,9.4,2,92,71,104,2,123,0
329-5377,0,102.7,149.3,188.1,11,0,89,100,114,5,74,0
329-5400,30,230.1,287.6,177.1,6.9,2,108,76,85,3,122,0
329-6144,0,154.5,216.2,229.8,13.7,1,84,91,82,3,81,0
329-6191,37,239.8,221.9,189.1,7.3,2,110,115,100,1,41,0
329-6192,40,141.7,268.3,241.3,8.5,0,87,89,68,7,66,0
329-6562,0,170.5,118.2,187.9,11.2,2,87,116,111,7,138,0
329-6603,0,129.1,228.5,208.8,12.7,4,137,83,111,6,65,0
329-6731,0,123.2,190,170.3,12.9,4,104,117,95,5,123,0
329-7102,0,132.9,67,160.4,9.9,3,122,62,121,2,63,0
329-7347,0,170.4,350.5,297,11.2,0,108,68,87,3,121,0
329-8056,23,160.3,202.4,191.1,7.4,0,87,101,122,3,95,0
329-8115,16,145.7,191,215.5,11.3,0,88,129,82,7,86,0
329-8436,0,97.5,268.1,255.3,13.2,3,113,69,62,4,160,0
329-8638,22,124.5,231.7,222.2,6.4,1,94,90,108,12,90,0
329-8669,0,237.7,181.5,185.7,7.7,1,122,91,151,4,156,0
329-8788,0,235.6,115.9,185.4,16.2,0,132,129,136,2,24,0
329-9001,0,157,103.1,211.8,7.1,0,79,94,96,6,147,1
329-9046,0,148.5,146.5,289.2,9.9,3,111,42,83,6,74,0
329-9067,0,249.8,242.4,231.8,11.6,0,109,106,78,4,111,0
329-9364,0,202,243.2,261.3,10.9,1,102,128,90,3,148,0
329-9517,27,165,127.3,284.4,7.7,2,89,118,95,4,47,0
329-9667,0,251.3,252.5,118.3,9.9,3,69,96,112,1,115,1
329-9689,0,224.2,243.3,147.8,12,3,81,90,66,8,102,1
329-9847,0,251.5,212.8,157.8,9.3,0,105,104,67,4,43,1
330-1175,33,81.6,235.6,150.9,9.9,1,120,85,113,4,106,0
330-1627,33,125,235.3,215.3,10.2,2,99,81,95,7,87,0
330-1835,0,171.7,110.4,195.4,11.9,2,80,81,111,4,67,0
330-2635,0,115,122.3,245,6.4,0,65,96,75,1,57,1
330-2662,27,283.4,224.1,241.3,14.4,2,104,152,63,7,107,0
330-2693,0,161.9,200.9,134,10.7,1,138,114,134,4,112,1
330-2849,0,241.9,129.4,264.8,5.9,1,101,121,104,3,43,0
330-2881,27,261.3,220.9,179.4,11.3,1,96,101,97,2,96,0
330-3008,0,220,207.7,168.4,12.1,2,114,76,137,3,80,0
330-3429,0,116.7,213.8,214.3,9.7,2,92,112,112,6,183,0
330-3589,0,174.4,156.3,136.5,10.2,0,120,98,121,5,137,0
330-4364,0,132.4,200.3,202.5,6,2,81,110,103,1,130,0
330-4419,0,157.1,162.6,150,12.1,1,79,124,138,6,107,0
330-4914,0,52.2,220.1,112.3,11.4,2,106,113,95,2,106,0
330-4978,0,268.7,301,167,5.8,2,120,147,140,1,80,0
330-5168,49,214.9,198.2,170.8,8.2,0,86,89,139,5,63,0
330-5255,0,130.5,131.2,264.7,13,0,77,117,63,6,104,0
330-5462,0,103,242.3,170.2,7.9,1,129,103,89,3,108,0
330-5824,0,258,246.5,173.2,10.9,0,112,117,100,3,137,1
330-6165,0,95.4,207.2,136,5.6,1,105,101,117,5,99,0
330-6208,0,150,89.8,326,11.1,3,98,95,91,3,123,0
330-6436,31,302.7,240.5,193.9,13.6,3,93,119,103,14,50,0
330-6626,0,166.7,148.3,186.9,10.1,3,113,122,121,3,75,1
330-6630,0,207.7,164.8,54.5,7.9,0,109,94,91,3,165,0
330-7137,0,186.1,198.6,206.5,13.8,4,114,140,80,5,71,1
330-7483,0,176.3,259.2,287.4,6.2,0,79,97,78,3,86,0
330-7486,0,138.9,208.9,232.4,9.2,2,65,109,82,3,67,0
330-7754,0,145,175.8,223.7,16.7,2,89,102,151,3,91,1
330-8142,0,144,135.8,212.4,13,1,90,91,129,4,79,0
330-8173,37,258.6,222,326.4,11.2,0,84,111,97,5,141,1
330-8351,0,183,206.7,203.8,11.1,1,110,93,119,6,60,1
330-9294,27,190.3,249,215.7,10.6,1,93,127,82,4,181,0
330-9354,0,249.9,254.5,273.2,8.9,2,127,118,98,6,68,0
330-9833,0,198.3,217.1,188.4,12.5,0,130,86,96,3,76,0
331-1391,0,242.5,245.4,219.6,10,3,83,97,80,3,149,0
331-2144,26,208,185,177.7,8.1,1,115,113,144,9,1,0
331-3174,39,69.1,101.3,104.8,9.1,0,122,136,94,4,131,0
331-3202,0,213.9,239.8,148.7,9.8,2,88,119,71,14,33,0
331-3698,0,124.3,277.1,250.7,15.5,3,76,112,115,5,174,0
331-3842,0,153.6,205.5,114.5,12.5,1,92,88,89,10,59,0
331-4184,0,238,164.5,282.5,10.6,2,97,97,132,6,87,0
331-4807,0,203.7,216.4,154.2,7.6,2,92,97,66,5,80,0
331-4902,36,214.2,161.7,264.7,9.5,3,115,117,102,4,131,0
331-5138,0,110.3,166.5,202.3,9.5,0,107,93,96,5,22,0
331-5919,0,137.2,165.9,182.3,14.3,1,111,119,72,4,56,0
331-5962,47,274.9,186.6,245,8.8,1,102,118,123,2,172,0
331-5999,36,192.8,177,216.5,16.4,1,103,83,118,5,129,0
331-6229,28,214.4,235.2,206.2,8,3,78,100,107,13,49,0
331-6270,0,118,248.1,214.4,5.3,1,133,99,122,5,66,0
331-6629,0,169.3,217.9,184.2,9.4,1,82,147,77,9,138,1
331-7342,8,222.5,171.5,377.5,9.7,1,104,94,114,2,55,0
331-7425,0,215.4,204.8,278.5,12.6,3,104,79,109,5,116,1
331-8462,0,96,177,162.2,9.7,3,117,68,127,4,127,0
331-8484,39,82.6,224.4,163.6,9.5,3,113,63,88,1,87,0
331-8713,0,135.8,163.2,229.8,12.6,0,125,88,106,3,43,0
331-8909,35,68.7,209.2,197.4,11.4,1,95,69,42,4,121,0
331-9149,0,196,186,153,9.8,3,135,146,92,1,139,0
331-9293,0,155.7,173.7,257.4,8.1,0,116,63,97,4,74,0
331-9861,26,153.7,137.8,213.5,15.9,1,115,146,104,5,100,0
332-1060,0,143.6,152.4,194.4,8.6,1,117,108,110,3,41,0
332-1109,0,191.4,168.5,109.3,10.3,1,114,138,99,3,173,0
332-1494,0,97.6,105.5,220.2,11.6,1,98,118,105,9,96,0
332-1502,0,90.4,276.2,146.5,12.7,1,108,77,111,2,46,0
332-1690,0,192.6,178.9,214.6,9.4,1,102,118,74,4,110,0
332-2126,0,163.1,249.4,168.2,9,1,119,51,77,10,123,0
332-2137,0,105.8,43.9,189.6,13.1,0,110,88,87,5,80,0
332-2258,38,123,133.9,138.2,13.3,1,158,119,103,4,86,0
332-2275,0,185,232.5,191.1,14.9,3,84,129,82,4,71,0
332-2462,0,60.4,306.2,123.9,12.4,1,158,120,46,3,39,0
332-2650,0,103.5,117.9,201,12,4,115,102,94,3,78,0
332-2889,0,167.8,211,153.5,10.5,4,72,99,109,6,143,0
332-2965,0,159.8,120.4,163,10.6,2,91,86,93,3,45,0
332-3381,0,87.6,266.9,214.6,9.8,2,112,107,104,10,138,0
332-3544,30,196.6,241.4,226,12.9,2,93,140,118,4,47,0
332-3617,0,181.5,187,220.3,10.5,1,116,119,96,7,88,0
332-3642,0,131.8,284.3,305.5,11.3,1,82,119,101,2,124,0
332-3693,0,124.3,173.4,256.3,7.5,3,91,105,109,5,87,0
332-3804,0,86.8,108.1,204.3,13.2,1,95,85,87,3,107,0
332-4289,0,136.1,204.2,228.2,11.3,1,120,103,90,4,118,0
332-4291,0,152.4,274.6,252.2,6.6,3,74,88,120,5,93,0
332-5084,0,176.9,102.8,213.7,10.5,4,128,56,84,2,111,0
332-5521,0,157.1,184.9,197.2,8.5,4,134,122,59,5,122,0
332-5582,0,91.9,198.4,171.7,13,2,109,111,125,7,21,0
332-5596,0,103.3,129.1,167.1,10.7,0,110,82,113,3,121,0
332-5820,0,224.2,314.9,182.9,16.1,1,89,121,121,3,145,0
332-5949,0,257.4,261.1,204.4,13.4,2,67,91,107,5,46,0
332-5964,0,146.1,196.2,310.1,9.2,0,57,97,110,3,56,0
332-6139,41,146.8,285.6,213.6,4.3,1,128,96,80,2,152,1
332-6181,0,334.3,192.1,191,10.4,0,118,104,83,6,129,0
332-6633,40,142.9,88.6,290,10.8,1,105,61,96,6,134,0
332-6934,0,149.7,182.2,261.5,9.7,0,119,115,126,8,78,0
332-6958,0,105.9,189.6,170.9,12.7,0,151,142,67,7,89,0
332-7391,0,242.6,209,219.7,14.4,2,69,117,82,6,25,0
332-7607,35,161.9,151.2,191,8.5,1,85,82,131,2,33,0
332-8103,31,273,215.5,104.7,9.6,1,78,98,114,2,91,0
332-8160,28,180.7,187.8,265.5,12.6,3,92,64,53,3,149,0
332-8764,0,202.4,260.2,177.4,9.2,3,118,67,112,5,80,0
332-9118,42,209.2,159.7,181.6,9.5,0,82,74,100,3,101,0
332-9446,0,154,205.9,233.7,12.9,1,95,106,75,1,130,0
332-9460,0,176.2,145,249.5,5.7,0,87,81,92,4,149,1
332-9525,31,166.4,238.3,150.7,10.7,4,92,74,84,4,80,0
332-9891,0,140.4,271.8,188.3,11.1,1,94,92,108,9,149,0
332-9896,0,211.2,252.7,225.8,12.3,0,70,122,104,3,71,0
333-1012,41,171.6,136.1,183.4,10.8,0,110,78,103,7,108,0
333-1967,0,170.2,155.2,228.6,15,1,98,102,76,2,70,0
333-2337,0,188.5,148.3,179.8,15.2,2,152,115,88,5,100,0
333-2611,0,194.1,176.6,302.8,7,2,121,110,136,7,55,0
333-2906,0,245.8,264.7,111.7,11.2,0,102,90,103,7,133,0
333-2964,0,136.2,165.1,137.9,9.6,0,114,118,71,5,94,0
333-3010,36,168,163.2,172.7,8,6,81,125,120,2,98,0
333-3221,0,214.3,268.5,241.2,10.8,1,145,135,92,13,73,0
333-3421,0,149.8,180,140,11.7,2,112,93,119,4,110,0
333-3447,25,246.6,141.4,189.8,13,1,94,112,109,5,100,0
333-3460,0,198.8,195.5,213.3,16.5,5,107,91,120,7,159,0
333-3531,0,176.2,196,263.9,9.2,1,90,115,95,4,160,0
333-3595,0,176.1,199.7,263.9,8.5,2,103,130,96,6,93,0
333-3704,0,245.2,159,229.9,7.2,0,105,109,74,8,115,0
333-4154,0,202.3,201.5,101.7,6.8,0,87,111,82,4,83,0
333-4492,0,190.9,161.4,231.9,8.4,1,44,109,100,2,135,0
333-4594,29,201.3,203.7,129.9,6.4,1,130,115,113,6,92,0
333-5101,0,120.3,240.4,216.4,7.7,4,108,84,74,3,140,0
333-5295,31,278,253.2,223.2,8.7,0,88,65,114,4,126,0
333-5430,31,121,218.9,226.7,12,1,105,98,110,1,98,0
333-5551,0,152.1,121,198,9.8,0,95,105,126,5,166,0
333-5609,24,155.2,244.5,122.4,10.7,1,131,106,68,3,82,0
333-5729,0,163.4,240.1,164,11.6,2,134,87,147,2,168,0
333-6296,0,216.1,197.5,217.8,9.8,1,114,107,104,3,84,0
333-6575,0,193.3,169,225.2,11.8,0,106,150,122,4,194,0
333-7225,0,190.2,157.1,181.5,14,0,119,70,120,6,95,0
333-7449,0,17.6,161.7,203.1,10.6,1,121,125,82,6,148,0
333-7460,26,226.4,234.7,133.6,10.8,1,117,97,82,7,83,0
333-7631,0,322.3,222,162.8,6.7,0,113,95,123,8,80,0
333-7637,0,117.3,201.1,107.9,12.2,1,114,61,82,3,75,0
333-7749,0,260.2,179.2,135,7.2,3,131,120,119,8,141,0
333-7869,0,142.5,231.4,131.2,10,2,82,110,67,4,169,0
333-7961,0,276.2,165.8,151.6,2.2,3,95,119,79,4,157,0
333-8180,0,235.5,257.2,103.1,11.5,2,81,130,111,4,140,0
333-8822,40,210,232.7,168.8,5.9,8,116,89,94,4,64,0
333-8954,37,205,165.4,185,11.7,1,94,103,81,8,129,0
333-8996,0,176.8,187.5,196.8,6.5,2,92,97,88,3,133,0
333-9002,0,131.6,179.3,251.2,15.5,1,95,109,129,3,131,0
333-9133,0,175.4,155.3,179.4,11.5,1,99,83,86,3,177,0
333-9253,19,180.1,127.5,237.4,7.5,0,106,92,118,3,64,0
333-9266,0,148.5,243,255.2,6.8,1,105,106,114,2,128,0
333-9511,37,185.4,178.5,218.3,8,4,87,128,107,3,141,0
333-9643,0,216.2,185.7,300,10,2,95,105,143,5,148,0
333-9664,20,214.6,96.6,170.7,7.9,1,108,82,145,5,152,0
333-9728,27,218.7,163.4,173.8,15,0,79,78,116,1,123,0
333-9826,0,122.8,211.3,261.4,10.7,2,89,104,91,2,75,0
334-1275,0,203.4,190.9,196,8.9,0,100,104,119,4,155,0
334-1311,30,194.3,243.2,322.2,7.1,1,107,108,114,5,157,0
334-1337,0,223.9,155.7,150.2,7.3,1,75,109,143,9,86,0
334-1339,0,158,207.9,190.4,10.1,0,94,100,120,10,102,0
334-1508,37,162.3,233.9,277.4,9.2,0,107,115,94,4,91,0
334-1872,0,193.3,264.1,128.6,9.1,4,96,123,115,3,112,0
334-2577,0,238.1,187.2,190,11.8,4,65,98,115,4,95,0
334-2729,0,135.4,205.9,204,7.9,1,134,85,103,4,60,0
334-2730,0,134.5,143.1,223.9,15.4,1,88,112,61,1,151,0
334-2800,38,163.3,136,249.1,4.3,0,104,114,127,6,142,0
334-2961,0,163.1,291.7,96.4,11.2,0,94,108,111,3,155,1
334-3142,0,163,203.9,159,15.1,2,93,102,109,4,155,0
334-3289,0,179.2,175.2,228.6,9.9,2,111,130,92,6,169,0
334-4354,0,213.2,120.7,244.4,7.5,1,79,116,102,4,121,0
334-4438,0,37.8,155.3,175,14.2,3,80,105,111,5,90,0
334-4506,29,150,159.4,228.1,8.5,1,91,75,55,3,96,0
334-4678,35,171.5,153.1,165.6,7.1,0,98,127,125,3,20,0
334-5029,0,286.4,205.7,191.4,6.9,1,125,74,141,6,115,0
334-5223,0,168.2,161.7,192.4,10.1,3,87,92,112,3,28,0
334-5263,0,41.9,211,237.9,11.4,1,124,95,55,5,79,0
334-5337,0,231.8,150.6,269.2,11.6,3,120,106,129,7,91,0
334-5634,0,169.2,216.8,179.4,12.6,1,123,83,107,3,150,0
334-5844,20,95,167.9,200.6,11.2,0,89,92,79,2,83,0
334-6129,44,103.2,236.3,203.5,11.9,0,117,86,101,2,77,1
334-6142,0,146.4,148.5,216.7,11.3,1,74,92,96,3,13,0
334-6519,0,272.7,236.4,235.5,7.7,0,97,95,105,2,76,0
334-6605,0,176.4,224.9,219.6,11.5,1,122,123,50,1,85,0
334-7443,0,130.2,290.9,194.8,14,3,119,121,140,6,79,0
334-7618,0,239.8,251.8,168.6,10.9,1,70,99,112,10,93,0
334-7685,0,84.2,80.8,196.1,10.8,1,134,103,79,2,43,0
334-8694,0,270.9,226.2,178.8,8.8,0,98,110,60,5,105,0
334-8817,0,193.7,154.2,299,12.7,1,83,79,60,3,90,0
334-8967,24,212.7,257.5,227.8,9.7,2,73,103,119,13,120,0
334-9163,28,175.8,253.6,128.5,11.4,1,126,76,72,5,166,1
334-9182,19,132.7,204.6,154.7,12.9,3,94,101,78,7,21,0
334-9505,36,226.2,181.6,258.8,10.5,3,103,125,102,5,132,0
334-9806,0,206.3,154.9,263.6,12.4,0,97,98,82,12,80,0
334-9818,0,115.6,167.8,141.8,12.6,1,129,104,124,9,130,0
335-1697,0,198.5,267.8,354.9,9.4,0,99,60,75,3,108,0
335-1838,0,99.5,129.1,125.1,9.7,0,110,80,124,3,132,0
335-1874,0,322.5,204.6,186.2,9.4,2,106,93,128,4,87,0
335-2019,0,275.8,189.5,223.9,7.4,2,103,108,93,5,159,0
335-2261,0,175.5,205.1,245.2,17.8,4,86,78,100,3,77,0
335-2274,0,244.7,168,281.5,6.6,1,81,117,87,1,21,0
335-2331,0,146.3,202.7,234.7,13.1,1,133,95,103,3,150,0
335-2967,0,289.8,255.6,242.8,11.7,2,101,115,76,4,60,0
335-3110,25,152.8,242.8,147.4,9.1,1,110,67,74,2,36,0
335-3133,0,181.6,335.7,149.8,8.3,4,119,118,64,6,139,0
335-3320,0,140.4,187.1,207.9,7.9,0,112,60,155,1,118,0
335-3681,0,147.5,191.7,135,16.4,2,110,97,68,3,75,0
335-3880,0,114.3,221.1,126.3,10.9,0,100,103,88,9,93,0
335-3913,26,74.3,177.3,296.3,14.5,2,107,116,90,3,186,0
335-4414,0,185.1,165.1,111.6,6.3,3,100,88,104,4,110,0
335-4584,0,206.3,148.6,167.2,6.1,1,151,89,91,3,146,0
335-4719,0,184.5,351.6,215.8,8.7,1,97,80,90,4,117,0
335-4858,0,70.7,157.5,154.8,9.1,4,108,87,82,3,162,0
335-4888,0,269.8,228.8,257.5,10.1,1,106,101,106,8,136,0
335-5591,0,196.1,296.5,211.5,7,1,107,82,91,2,1,0
335-5806,29,37.7,144.1,226.6,4.9,1,115,111,101,3,56,0
335-5882,0,207.6,132.4,255.2,14.1,0,88,63,98,5,167,0
335-6508,0,245.2,254.1,239.4,7.5,0,87,83,91,4,77,0
335-6832,0,245.9,240.1,158.7,8.9,3,73,87,89,5,116,0
335-7144,0,225.9,275.6,201.4,14.3,3,86,105,108,3,84,0
335-7257,16,184,76.4,185.1,12.7,2,99,134,96,3,92,0
335-7324,22,172.1,223.6,150,13.9,1,119,133,94,20,119,1
335-8146,0,158.8,264.8,270,7.6,1,75,91,77,7,128,0
335-8427,0,156,256.8,175.3,11.9,2,141,72,123,5,113,0
335-8836,0,174.3,171.3,220.8,8.3,0,105,107,131,2,160,0
335-9066,0,162.7,292,183.3,8.7,0,102,105,80,6,74,0
335-9501,0,112.8,218.8,240.2,9,2,108,120,106,3,45,0
335-9726,25,163.7,113.2,134.1,9.9,3,78,112,118,3,61,0
335-9786,0,214.9,117.8,133.7,11.8,2,97,117,78,2,90,0
336-1043,0,123.8,236.2,73.2,3.7,0,113,77,81,2,1,0
336-1090,22,166,174.5,244.9,10.2,1,114,103,68,6,127,0
336-1353,20,211.9,215.1,238.5,9.4,0,110,120,107,2,121,0
336-1462,0,202.4,230.7,202,10.2,3,115,115,127,2,36,0
336-1574,0,168.6,175.6,243.3,10.9,0,99,107,92,7,125,0
336-1749,0,159.5,303.8,226.9,12,0,77,92,120,4,123,0
336-1880,19,129.7,160.8,265,12.2,2,115,101,63,3,127,0
336-2090,0,155.3,265.7,145.7,12.4,0,93,95,67,4,99,0
336-2190,0,237.3,154,237,11.2,1,83,65,105,6,95,0
336-2322,0,161.9,230.1,148.8,10.2,3,100,138,78,11,16,0
336-2829,0,139.4,143.4,225.2,10,2,96,108,107,5,174,0
336-3488,0,227.4,176,206.1,6.3,2,84,81,120,4,189,0
336-3738,0,184.5,209,169.7,10.2,2,103,86,70,6,120,0
336-3819,0,296.4,214.8,133.9,11.4,4,99,89,107,3,122,0
336-4281,31,174.5,245.6,172.8,10.3,1,101,105,76,9,132,0
336-4656,0,102.6,246,170.5,9.1,2,89,77,140,4,102,0
336-4960,0,207.7,217.5,125.6,8,1,109,117,111,5,65,0
336-5406,0,225.1,199.2,175.5,14.6,0,67,127,102,2,78,0
336-5495,0,204.5,162.4,155,13.4,3,108,110,102,1,107,0
336-5616,0,225,176.9,194.3,7.1,3,81,63,110,2,85,0
336-5661,0,136.7,228.6,265.3,9.8,0,106,105,114,4,74,0
336-5702,0,170.4,200.2,258.3,11.6,1,103,71,100,4,112,0
336-5900,0,205.1,232.7,259.9,9.2,2,102,109,95,6,66,0
336-5920,0,232.5,205.5,213.7,11.9,0,96,120,91,2,122,0
336-6085,0,213.8,265.1,239.8,15.6,0,79,93,128,7,49,0
336-6128,33,145,194.5,242.3,14.2,2,72,157,138,3,115,0
336-6533,0,262.3,198.9,165.9,6.6,3,114,96,90,5,74,0
336-6907,0,172.4,230.5,228.2,11,0,132,100,109,5,62,0
336-6997,0,252.4,167.9,248.3,10.7,2,74,81,110,3,136,0
336-7143,0,112.8,156.7,249.6,16.3,0,89,65,85,6,140,0
336-7155,23,245.5,292.7,184,10.8,1,54,83,90,7,98,1
336-7357,32,174.6,310.6,234.7,9,1,107,115,92,4,74,0
336-7600,0,187.9,157.6,227.3,7.5,1,116,117,86,6,65,0
336-7696,0,133.3,255.5,228.6,11.6,0,101,127,68,2,144,0
336-8010,30,186.2,286.7,164.3,12.9,2,117,76,113,3,67,0
336-8343,0,226,304.6,181.2,12.6,2,127,83,132,4,212,0
336-9053,30,183.8,183.4,235,11.6,0,102,123,52,7,113,0
336-9273,0,228.1,136.4,197.3,9,1,93,106,107,2,152,0
336-9327,0,139.9,223.6,240.8,12.7,2,117,96,93,4,72,0
336-9390,0,159.5,247.1,187.9,7.2,2,125,90,82,4,84,0
336-9901,0,139.8,174.9,201.6,9.4,2,98,143,135,7,92,0
337-1100,0,123.1,182,244.6,12.6,2,106,102,75,7,102,0
337-1151,0,145.4,209.1,214,10.9,1,93,98,96,1,142,0
337-1225,0,34,278.6,129.6,11.5,0,133,61,120,3,66,0
337-1506,0,224.4,147.9,183.8,6.7,2,121,97,74,2,76,0
337-1586,0,247.5,225.4,244.3,10.2,2,85,93,132,2,54,0
337-1802,0,158.6,130.4,229.8,6.9,2,67,96,80,5,35,0
337-2348,41,215.5,241.8,147,9.6,1,95,92,108,3,121,0
337-2442,0,180,198.8,217.1,12.4,1,119,126,70,3,115,1
337-2986,0,186.9,182.6,143.1,4.2,1,79,105,90,14,87,0
337-3740,0,227.2,194.4,243.4,14.9,0,89,106,126,2,51,0
337-3769,0,201.8,231.5,226.1,16.5,0,82,95,130,5,116,0
337-3868,0,169.3,178.6,242.3,12.2,1,108,91,82,3,124,0
337-3932,0,114.8,150,268.6,9.6,2,94,104,119,4,123,0
337-4101,42,101.9,223.1,241.6,12.9,0,79,97,77,2,105,0
337-4339,27,25.9,206.5,228.1,6.5,1,119,96,64,7,53,0
337-4403,0,161.4,163.6,153.2,11.8,1,84,88,121,5,152,0
337-4600,0,264.9,281.2,166.1,8.4,1,80,66,80,4,25,0
337-4697,0,185,223.3,222.8,12.6,2,117,94,91,2,103,0
337-4749,32,168.4,225.9,191.8,8.5,0,129,97,95,7,97,0
337-6851,0,174.3,186.6,258.2,12.9,3,95,128,105,5,156,0
337-6898,0,133.7,195.3,280.5,5.9,0,75,87,89,2,91,0
337-7163,0,196.5,241.3,143.2,4,0,89,123,105,7,42,0
337-7167,0,223.3,167.1,203,4.5,0,99,128,84,4,143,0
337-7377,39,92.8,271.2,167.1,5.8,1,98,115,83,7,72,0
337-7501,0,192.8,234.4,203.2,13,3,104,96,101,3,139,0
337-7739,0,149.3,200.2,231.7,11.9,2,100,110,101,3,57,0
337-7879,36,190.3,256.6,214.9,3.8,1,115,78,145,4,80,0
337-8078,0,181.5,205.1,204,14.7,2,95,88,82,9,117,0
337-8618,0,154,198.9,151.9,9.5,4,133,121,100,3,66,0
337-8950,0,166.9,221.8,243.9,12.8,3,98,77,114,4,123,0
337-9303,0,206.1,224.6,256.7,13,1,49,115,74,1,94,0
337-9326,0,206.3,241.1,227.8,11.7,0,66,109,102,6,160,0
337-9345,0,179.3,178.6,225.2,11.5,3,93,98,131,6,93,0
337-9569,0,220.9,192.2,161,12.2,1,107,97,74,2,79,0
337-9710,0,164.9,210.4,229.4,7.8,2,68,86,104,4,93,0
337-9878,31,185.4,197.6,147.1,14.5,2,105,126,110,4,103,0
338-1027,0,135.1,134.1,223.1,12.3,2,95,102,81,2,137,1
338-1400,0,268,153.6,232.3,17,3,115,106,65,1,115,0
338-1724,0,153.2,229.7,148.2,10.7,1,65,90,94,8,16,0
338-1815,26,170.4,254.5,219.6,15.1,0,91,90,122,5,121,0
338-1840,0,223,227,188.3,8.8,1,120,98,125,5,163,0
338-3781,0,156.2,193,222.7,13.1,1,93,54,94,5,104,0
338-4065,0,183.4,242,201.4,7.5,4,80,115,100,3,73,0
338-4307,0,135.1,205.2,166.3,11.7,1,109,99,119,4,110,0
338-4472,0,134.8,167.2,161.5,7.7,2,96,78,123,5,83,0
338-5207,0,211.2,237.7,259.2,12.3,0,80,93,58,2,63,0
338-6018,26,270.3,215.2,254,14.4,1,111,90,133,7,106,1
338-6283,0,206.5,176.2,232.8,12.4,5,92,152,115,5,98,0
338-6550,0,224.9,191.9,229.9,10.3,0,117,127,97,3,111,0
338-6556,0,132,279.6,180,13.5,0,103,114,74,4,55,0
338-6714,0,122.2,131.7,169.5,10.3,5,112,94,106,9,113,1
338-6962,0,111.9,114,146.8,14.1,5,92,143,79,3,112,0
338-6981,0,232.4,187.4,231.2,9.1,1,109,95,107,3,51,0
338-7120,21,315.6,208.9,260.1,12.1,3,105,71,123,3,13,0
338-7232,0,82.7,194.6,159,10.9,0,116,95,54,9,160,0
338-7305,0,178.5,146.9,217.1,9.9,1,124,141,102,7,110,0
338-7527,19,155.7,185.4,192.7,8.2,3,104,118,116,2,116,0
338-7683,28,95,291.2,159.6,10,2,94,73,114,2,67,0
338-7709,32,218.7,115,192.7,9.4,2,117,61,85,5,93,0
338-7886,0,216.8,190.8,187.5,11,0,86,114,79,9,98,0
338-7955,0,109.8,230.5,255.8,11.9,1,120,86,103,6,137,0
338-8050,0,65.4,168.2,236,13.8,2,97,76,113,1,88,0
338-8478,0,192.1,312.9,130.2,7.9,3,98,135,94,2,116,0
338-8566,0,83.2,190.6,150.5,10.7,1,74,104,79,7,141,0
338-8784,28,166,233.9,170.1,7.7,2,62,88,84,3,122,0
338-9044,0,97.5,260.4,88.7,7,1,129,78,100,5,31,0
338-9171,0,146.5,284.5,176,14,3,101,142,98,6,138,0
338-9210,37,229.6,132.3,211.9,9.5,2,123,90,76,8,85,0
338-9398,0,237.1,223.5,97.4,13.2,1,105,105,79,2,68,0
338-9472,0,211.6,216.9,153.5,7.8,1,70,80,60,1,126,0
338-9612,36,96.3,179.6,166.3,10.3,1,83,91,121,2,107,0
338-9873,0,119.7,231.8,222.3,4.6,2,148,96,113,2,55,0
338-9950,0,149.2,193.6,248.9,11.1,1,98,88,119,5,120,0
338-9952,32,173,209.4,231.1,12.2,0,101,93,91,4,119,1
339-1330,0,245,250.7,270.2,13.7,1,97,75,124,8,115,0
339-1405,0,156.4,233.4,195.7,7.7,4,108,118,141,6,151,0
339-2616,23,225.5,246.3,245.7,9.8,0,107,105,81,2,86,0
339-2734,0,103.4,189.3,227.2,14.4,1,94,125,125,3,107,0
339-2792,28,110,141.5,237.3,6.4,2,94,76,87,3,121,0
339-3049,48,189.8,123.4,214.2,6.5,2,96,67,106,2,144,0
339-3636,0,154.6,263,367.7,15.5,1,56,84,89,2,153,0
339-4068,0,239.3,223.4,251.4,10.6,0,102,127,104,6,108,0
339-4317,27,129.5,248.9,268,11.9,1,106,90,115,3,95,0
339-4636,0,154.7,298,210.2,11.1,0,102,108,95,3,50,0
339-5329,0,198.6,213.9,171.2,10.6,2,111,115,105,6,70,0
339-5423,0,245.3,122.9,228.4,8.5,4,91,130,102,4,62,0
339-5659,0,189.4,219,168,7.1,3,83,89,116,8,112,0
339-6446,0,128.8,208.7,202.1,14,1,80,93,103,7,34,0
339-6477,0,272.5,226.1,159.1,16.4,3,119,94,94,5,112,0
339-6637,28,126.9,166.9,145.2,8.8,5,97,102,77,3,149,1
339-6968,0,159,255.1,82.4,10.1,0,109,142,73,4,91,0
339-7139,0,138.6,199,204.1,7.8,0,102,93,137,4,84,0
339-7485,17,225.2,173.4,145.8,11.7,0,116,88,99,4,138,1
339-7541,0,174.1,251.1,257.6,8.3,2,96,94,123,5,74,0
339-7602,0,134.8,204.1,238.4,6.7,1,94,106,109,8,120,0
339-7684,28,235.6,236.8,241.2,7.7,1,124,113,127,2,127,0
339-8132,0,197.3,305.8,171,6.7,1,91,81,105,6,70,0
339-9026,42,97.4,203.6,173.9,11.4,2,57,98,124,2,168,0
339-9453,36,106.7,209.8,190.4,12.1,1,76,77,117,2,66,0
339-9631,28,151.1,194.8,239.2,10,1,90,79,114,3,92,0
339-9798,0,197.6,246.5,285.3,12.5,2,126,112,104,8,126,1
340-1876,26,179.7,218.1,212.3,9.3,1,144,129,105,8,162,0
340-2239,0,94.1,147.6,213.5,10.1,0,93,80,85,2,68,0
340-2855,39,153.8,123.3,117.8,9.2,1,106,111,103,6,118,1
340-3011,0,205.1,160.5,149.5,10.7,3,86,95,142,2,53,0
340-3075,43,172,200.2,233.1,8,1,111,64,96,5,48,0
340-3182,0,143.3,211.3,185.2,11.5,1,103,108,96,3,117,0
340-3409,37,75.8,173.6,162.6,8.2,0,102,147,96,13,138,0
340-3500,0,217.7,273.5,226.9,9.6,3,91,74,99,3,149,0
340-4028,0,160.9,144.2,120.4,12.9,1,109,152,97,12,124,0
340-4236,39,260.8,213.4,195.6,10.1,1,130,111,97,5,95,0
340-4627,32,262.2,165.2,194.3,10.6,0,123,82,57,5,95,0
340-4953,0,124.3,173,253.2,7.9,1,100,107,62,9,80,0
340-4972,0,237.8,208.9,167.8,15.6,2,92,119,86,6,49,1
340-4989,0,160.4,285.9,182.5,6.9,3,120,104,85,4,143,0
340-5121,0,126.9,180,140.8,8,1,98,62,128,2,141,0
340-5460,15,113.9,145.3,195.2,11.8,1,102,146,137,9,159,0
340-5580,0,239.2,188.5,105.6,8.8,1,72,124,116,3,174,0
340-5678,0,271.7,155.1,199.5,6.6,3,112,96,97,4,37,0
340-5930,0,196.3,136.8,154.7,7.7,2,108,96,87,3,149,0
340-6221,40,230.7,256.8,263.9,6.4,1,101,88,92,3,142,0
340-6339,0,159.9,172.2,263.2,5.6,1,100,99,109,4,62,0
340-6908,29,195.5,171.6,204,13.5,1,113,96,85,9,68,1
340-7062,0,165,249.7,170.3,12.6,1,132,86,128,8,139,0
340-8177,0,155.2,135.9,184.6,3.8,3,100,84,82,9,135,0
340-8245,31,249.4,209.5,180.6,9.9,4,70,59,75,2,74,0
340-8291,0,133.1,206.5,221.6,10.3,1,80,120,96,8,196,0
340-8323,0,286.4,178.2,214.2,10.7,1,109,67,152,14,73,0
340-8875,0,273.5,183.8,153.8,11,2,104,68,67,9,107,1
340-9013,0,78.1,239.3,144.4,12.3,1,70,115,112,4,83,0
340-9200,0,143.3,195.5,223.3,6,1,91,58,95,7,181,0
340-9449,0,219.4,225.7,255.3,12,4,112,102,95,4,100,1
340-9803,0,150.6,301.5,158.7,8.1,0,99,83,104,5,75,0
340-9910,0,114.4,78.3,232.7,0,2,104,101,78,0,106,0
341-1191,0,314.6,169.8,285.1,5.7,2,102,86,100,3,75,0
341-1412,0,254.7,90.2,153.4,10.6,0,80,79,60,8,73,0
341-1594,0,192.1,163.6,169.7,6.1,0,83,88,138,3,89,0
341-1647,21,264.3,202.8,173.4,6.3,4,79,118,92,3,79,0
341-1916,19,210.3,241.8,215.7,13.1,4,90,87,102,3,75,0
341-2360,0,159,167.9,167.6,12.3,1,80,128,101,5,84,0
341-2603,33,127.2,162.9,247.4,8.1,0,93,104,109,13,64,1
341-3044,37,78.5,210.5,179.7,11.8,1,109,101,102,4,83,0
341-3180,0,191,318.8,247.3,6.5,0,88,119,79,4,84,0
341-3270,0,183.4,281.3,105.2,8.2,1,98,95,113,8,95,0
341-3349,0,194,241,227.5,11.9,0,103,116,153,5,124,0
341-3464,0,194.4,190.3,183.4,11.4,0,101,82,107,2,112,0
341-3663,20,205.7,136.1,159.4,8.7,2,98,107,147,3,117,0
341-4075,0,123.7,103,189.4,13.1,1,96,80,82,4,156,0
341-4103,31,183.4,195.5,180.1,10.5,1,126,106,93,5,96,0
341-4463,0,257.1,312.2,183,8.8,1,53,127,82,6,159,1
341-4570,31,181.6,213.2,207.8,11.4,1,91,120,104,4,88,0
341-4873,0,113.3,197.9,284.5,11.7,4,96,89,93,2,100,0
341-5892,0,81.3,220.6,235.7,8.9,0,116,124,113,3,113,0
341-6743,33,299.5,163.4,146.7,11.6,0,83,84,88,5,120,0
341-7112,0,157.9,259.6,230,14,0,103,90,117,2,95,0
341-7279,35,118,167.2,205.7,11.8,2,103,106,102,2,116,0
341-7296,0,166.5,261,262.7,13.3,0,102,103,85,5,72,0
341-7332,0,206,186,307.1,8.4,0,89,88,86,11,37,0
341-7412,0,173,190.4,290,10.4,0,131,108,66,2,93,0
341-7686,0,61.2,92.3,197.4,13.7,5,111,88,114,3,113,0
341-8412,29,164.6,262.8,123.8,15.2,1,121,108,131,4,160,0
341-8467,0,152.7,257.5,198.1,9.4,1,105,80,93,4,157,0
341-8667,0,192.6,206.4,283.2,10.8,1,123,105,93,3,120,0
341-8719,0,232.8,303.4,255.6,12.9,0,95,111,104,7,70,0
341-9274,36,201.9,156.3,131.3,13.7,0,93,75,92,5,132,0
341-9396,29,236.3,190.8,129,7.2,3,105,114,105,2,24,0
341-9443,22,263.8,103.4,208.1,8.5,3,65,115,109,3,87,0
341-9764,30,146.3,162.5,129.3,14.5,0,128,80,109,6,36,0
341-9890,0,115.1,211.3,136.1,13.8,2,114,70,85,3,108,1
341-9907,0,198.2,202.8,146.4,5.1,1,73,115,73,5,48,0
342-1004,35,110.5,208.3,87.4,13.9,4,101,81,77,2,103,0
342-1099,0,84.7,249.9,193.4,14.5,1,118,86,95,8,114,0
342-1702,0,103.7,127,329.3,14.4,0,93,107,66,1,126,0
342-1960,0,295.3,127.4,166.8,9.6,1,127,100,105,6,50,0
342-2013,0,110,147.3,190.5,6.4,0,91,75,73,7,16,1
342-3678,0,62.8,170.4,280.2,9.4,3,124,66,78,4,103,1
342-4004,0,85.9,193.9,231.5,10.1,0,92,127,93,2,57,0
342-4122,0,287.1,159.3,216.8,13.9,2,115,99,86,1,119,0
342-5062,28,201.8,304.9,225.6,11.9,1,79,128,133,8,107,0
342-5243,0,211.7,271.7,203.3,7.4,0,107,77,108,7,63,0
342-5701,0,221.8,166,210.2,13.2,1,84,125,72,4,77,0
342-5854,0,235.5,142.3,316.7,12.5,0,108,143,131,5,174,0
342-5906,0,93.8,150,241.1,10.7,1,127,104,116,2,101,0
342-6316,0,114.8,81.9,304.3,12,0,125,126,101,4,102,0
342-6696,0,300.4,133.2,197.4,7.2,2,94,103,94,5,48,0
342-7514,0,160.6,237,245.1,10.7,1,103,109,88,1,80,0
342-7716,16,144.8,206.2,255.4,11.6,4,105,111,117,2,86,0
342-8002,0,180.7,174.6,165.3,12,2,127,94,114,6,42,1
342-8167,0,245.3,259.9,204.3,10.7,3,108,140,115,2,113,0
342-8320,27,268.8,246.6,271.9,16.4,0,78,89,102,3,69,0
342-8348,0,188.9,153.6,213.3,10.2,2,105,116,106,2,61,0
342-8702,0,124.8,257.2,193.2,13.4,0,66,85,115,4,101,0
342-9394,38,214.4,211.7,165,10,1,93,57,79,8,134,0
342-9480,0,227.9,207.5,211.7,12.1,1,78,115,100,5,83,0
343-1009,0,216.8,187.8,138.1,8.3,0,134,106,108,2,142,0
343-1323,28,190.6,220.1,180.3,6,3,86,122,80,3,11,0
343-1347,40,105,180.6,174.1,10.2,2,78,100,115,2,61,0
343-1458,0,133.4,204.6,196.9,11.1,1,102,71,103,7,119,0
343-1538,0,185.3,208,206.1,15.1,1,127,73,124,3,153,0
343-1965,0,211.3,105.6,175.9,9.7,4,61,119,63,4,75,1
343-2077,0,241.9,145.2,214.5,6.6,1,104,112,105,5,24,0
343-2095,0,136.1,272.9,220.2,4.4,1,112,96,104,2,65,0
343-2350,0,165.3,210,187.2,8.5,2,118,101,93,3,106,0
343-2392,31,125.9,196.4,252.7,10.3,1,101,102,75,4,70,0
343-2465,37,178.1,242.8,243,13,0,130,103,93,4,170,0
343-2592,0,297.9,238.1,240.5,8.9,1,141,107,93,5,161,0
343-2597,0,134.9,221.5,113.8,15,1,79,114,118,2,127,0
343-2605,18,172.7,133.4,259.5,9.8,1,86,113,70,3,96,0
343-2689,0,240.7,269.4,187.1,10.1,0,82,85,74,3,125,0
343-2741,0,185.8,276.5,192.1,5.7,4,36,134,104,7,82,0
343-3227,24,239.8,285.9,256.7,9.5,0,103,65,106,4,142,0
343-3296,0,174.5,197.4,238.5,10.6,0,65,116,86,2,156,0
343-3340,0,92.6,177.6,159.8,14.4,3,85,92,72,4,113,0
343-3356,0,216.6,190.8,224.7,12.4,0,126,104,123,8,165,0
343-3399,0,111.2,122.1,180.8,12.6,3,101,94,85,2,89,0
343-3846,0,172,276.4,193.7,10.1,1,145,101,100,9,114,0
343-3961,0,115.4,262.6,245.7,13.1,2,90,68,69,5,87,0
343-4147,40,221.6,157.1,222.4,11.5,1,79,74,124,3,87,1
343-4516,0,171.1,257.2,91.6,16.2,1,78,83,92,3,76,0
343-4696,0,81.1,245.2,237,10.3,0,86,72,115,2,132,0
343-4772,0,181.4,167.7,168.5,11.3,3,111,92,122,3,155,0
343-4806,0,217.8,189.7,182.6,10.4,4,93,113,91,5,72,0
343-5219,0,133.3,182.9,241.1,12.9,3,106,89,123,2,107,1
343-5347,0,172.5,253.1,221.6,5.9,0,85,71,113,6,172,0
343-5372,25,113.2,269.9,229.1,7.1,2,96,107,87,7,132,0
343-5679,0,222,187,282.3,12.4,2,93,103,124,6,90,0
343-5709,0,350.8,216.5,253.9,10.1,1,75,94,100,9,154,0
343-6314,0,119.1,287.7,223,12.2,0,117,136,100,4,143,0
343-6374,0,244.6,188.8,206,11.3,1,89,80,114,4,124,1
343-6643,0,142.2,262.4,139.2,10.1,1,107,84,99,5,88,0
343-6940,0,213,176.6,262.6,9.1,1,63,71,126,1,89,0
343-7019,0,236.8,265.3,152.4,9.5,1,141,101,77,2,78,1
343-7242,29,133.1,221.2,131.6,6.8,1,114,82,103,3,59,0
343-7734,0,160,175.4,184.8,9.9,2,123,96,99,3,118,1
343-9365,0,218.6,149.9,204.6,9.2,2,93,130,131,5,127,0
343-9645,0,197.7,152.2,221,7,2,118,96,93,3,61,0
343-9654,0,101.4,159.1,259.2,12.2,1,48,119,53,2,105,0
343-9658,0,146,109.7,247.4,6.8,0,78,79,108,7,21,0
343-9946,0,162.8,290.3,114.9,7.2,1,113,111,140,3,130,0
344-1136,0,202,184.3,176,7.4,2,123,78,89,2,120,1
344-1362,0,227.9,302.6,191.5,5.5,1,130,71,82,7,128,0
344-1970,0,312,180,168.6,12.8,1,112,109,94,4,124,0
344-2260,21,126.3,209.6,192.5,10.6,1,84,102,129,2,121,0
344-2416,27,67.4,244,281.1,11.4,2,116,78,93,2,3,0
344-3131,0,151.7,178.5,229.1,13.1,2,93,77,111,8,184,0
344-3145,0,259.3,175.2,222.4,12,3,96,97,36,5,105,0
344-3160,32,221.1,264.9,168.9,15.4,2,137,99,108,4,133,1
344-3388,0,243.8,83.9,179.8,13.7,2,98,72,84,8,122,0
344-3466,30,153.4,151.4,153.8,12.8,4,90,97,97,4,126,0
344-4022,0,207,167.4,238.2,2.6,1,109,80,117,6,94,0
344-4478,0,205.7,161.9,269.7,12.5,2,138,83,104,6,90,0
344-4691,29,279.9,223.1,251.7,13,1,121,109,94,2,57,0
344-4970,0,157.3,220.9,218.9,12,1,83,85,129,7,68,0
344-5117,33,193.7,246.1,138,14.6,2,91,96,92,3,74,0
344-5181,0,294.2,232.5,195,9,0,100,53,64,1,119,0
344-5206,0,149.7,212.5,245.9,12.6,3,71,97,67,4,140,0
344-5766,0,198.4,249.5,162.8,10.5,1,121,104,115,5,117,1
344-5967,0,186.8,253.4,273.1,12.3,2,89,51,105,6,20,0
344-5973,0,190.6,161.7,189.9,13,1,100,104,136,6,33,1
344-6258,0,144.3,156.4,214.7,7.8,3,116,74,90,10,88,0
344-6334,0,240.8,144.5,125.7,11.6,0,104,92,98,1,138,0
344-6404,0,145.6,197.1,294.5,10.5,0,103,137,83,4,90,0
344-6495,0,134.7,180,200.9,7.7,1,121,83,104,3,117,0
344-6847,0,168.4,276,196.2,11.4,1,114,127,48,3,93,1
344-6935,17,167.9,243.7,211.9,9.1,1,114,93,114,2,79,0
344-7197,0,154.2,112.3,246.4,15.4,4,123,86,75,4,108,0
344-7470,0,212.4,224.6,221.3,9,1,105,118,105,4,92,0
344-8498,25,190,116.6,141.5,12.2,1,137,76,110,2,63,0
344-9302,0,261.7,181.8,100.9,3.3,0,105,107,131,5,127,0
344-9347,0,203.3,141.9,200.7,8.5,0,45,87,71,6,73,0
344-9403,0,187.7,163.4,196,9.1,0,127,148,94,5,74,0
344-9620,28,215.8,285.2,192.1,6.9,1,123,76,78,3,120,0
344-9943,22,281.1,143.7,239.4,11.2,1,83,130,128,9,107,0
344-9966,0,222.2,218.5,266,10.9,1,113,122,88,5,109,0
345-1243,0,191.1,129.2,207.5,12.9,0,69,113,117,1,37,0
345-1419,0,193.8,118.9,135.9,9.2,0,102,104,124,3,27,0
345-1524,0,89.7,260.1,170.1,13.5,5,118,79,93,11,101,0
345-1994,22,306.2,189.7,240.3,11.7,0,123,83,107,2,93,0
345-1998,0,242.9,209.8,228.4,0,1,126,65,126,0,165,0
345-2108,0,246.4,256.2,169,3.8,0,83,101,151,4,105,0
345-2319,0,115.6,213.6,218.4,10.7,1,77,100,72,6,146,0
345-2401,0,207.7,210.6,238.2,9.6,0,116,99,88,5,22,0
345-2448,0,134.7,295.3,195.5,6.6,2,116,98,121,5,91,0
345-2476,0,90.7,207.5,169.4,5.6,2,90,109,96,5,107,0
345-2863,29,179.4,275.4,246.1,10,0,113,100,105,5,105,0
345-2931,0,221,160.7,233.1,6.8,2,100,113,96,4,127,0
345-3451,0,75,248.7,176,9.5,3,116,87,83,6,78,0
345-3614,0,107.3,238.2,271.8,10,4,140,133,116,3,76,0
345-3734,26,175.8,206.6,178,11.1,2,96,84,105,2,96,0
345-3787,0,294.7,294.6,260.1,10.8,1,90,72,121,3,111,0
345-3934,0,149.3,242.2,174.3,8.9,2,113,122,104,6,35,0
345-3947,0,266.1,225.2,224.7,8.9,3,91,79,58,8,177,0
345-4473,0,204.7,143.1,165.8,11,6,108,105,84,4,134,0
345-4551,28,105.3,197.4,187.5,8.6,2,82,109,91,6,55,0
345-4589,0,158.4,188,219.7,13.5,4,92,117,125,4,101,0
345-5089,0,189.3,174.9,221.9,11.2,3,157,70,117,5,57,0
345-5338,0,176.8,224.7,204.6,7.5,1,90,81,77,15,119,0
345-5639,44,230.6,224.1,244,11.1,0,94,103,76,2,116,0
345-5980,32,94.7,154.4,200.4,10.6,2,111,98,109,6,83,1
345-6043,0,207,232.9,172.4,9.1,3,90,83,108,8,82,0
345-6515,0,201.2,227.2,145.8,8.4,2,128,100,91,3,27,0
345-6961,0,246.8,206.3,208.4,13.2,0,110,63,123,5,76,1
345-7014,0,230.3,77.9,247.1,13.2,1,110,87,105,4,70,0
345-7117,0,109.2,153.1,240,9.8,2,96,80,102,5,119,0
345-7900,0,141.3,134.9,227.5,11.2,2,133,96,97,3,72,0
345-8237,36,183.2,126.8,263.3,11.2,1,117,76,71,8,127,0
345-8350,0,131.9,272.7,192.8,7.1,1,93,106,105,4,110,0
345-8397,0,152.8,183.6,151.8,10.5,1,145,102,75,2,70,0
345-8433,0,197.9,251,138.3,11.2,2,89,113,85,2,166,0
345-9018,0,103.1,275,141.1,11.2,1,70,129,92,5,102,0
345-9140,0,346.8,249.5,275.4,13.3,1,55,79,102,9,64,1
345-9153,39,175.7,187.2,225.5,8.6,2,93,94,118,3,132,0
345-9168,0,214.8,209.7,164.4,9.4,3,112,104,97,5,112,0
345-9598,0,159.1,269.8,220.4,10.3,1,104,106,116,4,140,0
345-9690,0,89.7,179.8,145.7,9.5,2,80,81,120,4,89,0
346-1095,0,166.2,217.6,220.2,13.2,4,102,112,68,2,81,0
346-1629,0,236.9,157.6,241,7.3,0,107,105,120,2,97,1
346-2020,0,172.9,183,226.4,9.8,0,119,86,100,1,37,1
346-2347,0,147.2,192.8,172.7,10.2,1,119,91,105,4,137,0
346-2359,0,148.5,276.4,193.6,12.4,1,115,84,112,3,110,0
346-2530,0,62.9,231,168.9,8.5,1,81,64,121,5,99,0
346-3445,25,219.6,210.4,242.7,13.8,2,99,99,88,8,163,0
346-4216,35,224,192,163.1,9.6,0,102,99,100,2,154,0
346-4360,0,181.1,314.4,246.7,4.2,2,121,109,81,9,132,0
346-4919,31,216,225.1,234.7,10.7,2,94,123,109,1,145,0
346-4984,0,89.5,180.8,193.1,14,2,128,137,94,3,116,0
346-5036,0,208.7,212.8,178.1,8.5,0,150,104,98,4,112,0
346-5053,34,138.8,142,183.8,11.8,1,80,108,77,7,103,0
346-5068,0,287.1,178.4,153.2,14.4,3,108,125,98,2,172,0
346-5287,0,137.9,192.6,255.7,11,1,96,63,125,5,89,0
346-5349,25,138.3,80.6,163.7,8.3,0,96,79,83,8,139,0
346-5611,0,172.8,204.8,240.8,9.1,2,101,97,90,8,62,0
346-5707,0,57.5,265.5,244.3,11.6,3,95,131,128,6,53,0
346-5992,0,174.7,148,168.2,15.8,6,151,56,109,3,103,0
346-6352,35,193.8,197.6,218.8,5.9,0,62,97,95,4,121,0
346-6941,24,149.4,123.9,174.3,10.1,1,74,72,84,6,77,0
346-7302,35,154.1,123.4,202.1,10.9,2,104,84,57,9,74,0
346-7656,0,120.8,169.8,194.1,11.9,4,96,101,63,3,97,0
346-7795,0,203.5,247.6,194.3,11.9,0,100,103,94,11,144,1
346-8112,32,180.4,129.4,166.9,8.4,1,89,124,124,2,113,0
346-8362,26,211.7,139.2,146.7,11.1,1,121,123,89,3,155,1
346-8368,32,222.9,262,191.4,10.8,0,136,80,101,4,128,0
346-8581,0,230.2,220.4,204.7,10.7,4,113,79,111,7,137,0
346-8863,15,252.4,187.8,259.6,10,2,106,69,137,3,61,0
346-9317,0,157.6,184.3,240.4,11.9,0,117,58,99,1,36,0
347-1263,27,159.7,168.8,244.1,9.6,3,102,113,127,9,164,0
347-1473,0,187.9,200.5,202.6,10.2,2,110,101,125,11,131,0
347-1640,0,177.7,215.6,236.7,10.5,1,114,110,67,5,56,1
347-1814,0,192.4,156.9,175.8,11,0,111,87,82,6,141,0
347-1870,0,159.7,216.7,206.7,9.3,2,79,131,116,3,28,0
347-1914,0,149.9,256.1,212.7,13.3,2,95,110,92,13,117,0
347-2016,0,129.2,214.1,214.9,10.3,5,71,68,100,4,89,0
347-2378,0,160.8,155.8,254.3,8.5,1,91,82,103,3,103,0
347-2951,0,116.2,229.7,204.2,10.1,3,86,127,109,3,85,1
347-3406,0,294.9,192.8,148.1,13.2,1,71,78,87,5,107,0
347-3821,19,152.9,213.2,205.3,10.8,2,87,99,114,6,130,0
347-3895,0,203.9,191.8,132.5,12.1,3,63,93,125,4,130,0
347-3958,0,171.6,205,170.6,13.8,0,119,107,114,4,87,0
347-4112,0,191.3,193.9,268.4,12.8,1,89,87,121,4,163,0
347-4626,31,222.8,180.5,151.3,13,0,98,105,101,4,114,0
347-4982,0,191.3,138.5,246,6.4,2,80,94,107,3,111,0
347-5063,0,171.2,243.5,178.2,13,2,103,121,92,3,160,0
347-5113,0,54.7,256.1,176.6,11.1,1,131,105,135,4,129,0
347-5354,31,225,191.3,226.7,9.1,1,78,79,79,3,59,1
347-5843,0,198.7,209.5,281.9,12.4,0,70,106,126,4,151,1
347-6164,0,167.5,139.1,138.4,13,1,96,104,87,1,90,0
347-6393,29,111.1,217.9,248.1,6.6,2,105,101,108,3,98,0
347-6717,46,168.3,270.9,222.5,6.7,4,124,103,98,2,81,0
347-6812,0,106.6,284.8,178.9,14.9,1,128,87,92,7,96,0
347-6994,0,175.9,285.2,150.8,13,1,111,115,122,7,90,0
347-7420,29,142.3,118.7,240.1,6.6,1,107,56,91,8,63,0
347-7675,0,134.9,248.4,236.2,14.7,3,98,130,113,2,37,0
347-7741,0,178.3,189,129.1,14.6,0,137,76,102,5,108,0
347-7773,0,103.3,245.9,161.1,6.4,0,122,123,95,7,128,0
347-7898,0,273.6,114.6,250.6,8.2,1,93,116,120,4,18,0
347-8205,0,222.4,185.8,237.7,12,2,102,89,81,8,99,0
347-8659,0,301.5,257.7,132.9,13.4,4,136,72,118,2,88,0
347-9421,31,265.3,147.6,259.3,12.9,1,94,95,117,1,13,0
347-9737,0,187.2,195.6,181.8,5.1,1,127,88,129,4,98,0
347-9738,0,194.8,213.4,190.8,11.5,0,133,73,92,7,106,0
347-9769,28,157.1,172.4,184.5,11.1,1,77,97,94,9,140,0
347-9968,0,231.3,224.7,214.6,7.2,1,87,88,69,7,101,0
347-9995,33,241.7,165.8,160.6,11.3,1,84,84,80,3,148,0
348-1163,0,345.3,203.4,217.5,11.8,1,81,106,107,8,115,1
348-1359,0,214.8,149.7,283.4,10.2,0,94,58,66,5,51,0
348-1528,0,155.4,164.1,157.7,9,0,127,45,128,3,42,0
348-1592,0,135.4,238.1,195.6,10.6,1,101,124,102,2,69,0
348-1706,0,196.1,199.7,135.9,12.9,3,103,123,71,1,110,0
348-2009,0,147,162.3,162.9,10.5,1,79,103,80,4,72,0
348-2150,0,116.1,201.8,181.9,11.6,0,101,99,103,5,179,0
348-2916,0,265.6,180.7,211.1,8.6,1,82,75,113,2,92,0
348-3338,0,256,187.4,119.1,11.5,3,111,61,81,4,160,0
348-3444,31,153.5,219.1,237.4,11.4,0,83,96,76,4,120,0
348-3581,0,109,265.8,228.3,12.6,1,69,98,80,2,146,0
348-3777,30,143.4,170,127.9,9.4,3,72,92,68,4,70,0
348-3830,0,134.7,189.7,221.4,11.8,2,98,68,128,5,79,0
348-4316,0,143.3,230.7,214.3,7.8,4,120,111,91,2,124,0
348-4660,0,124.5,141.2,268.2,11.4,2,134,78,113,2,178,1
348-4961,34,44.9,134.2,168.4,13.3,1,63,82,118,3,113,0
348-5038,0,156.5,204.3,141.9,9.9,2,67,103,72,2,102,0
348-5567,0,180.9,209.5,249.9,7.4,2,114,118,105,4,127,1
348-5569,0,195.9,89.1,302.2,10.3,1,103,95,82,3,158,0
348-5725,0,269,233.7,179.3,7.3,2,120,120,61,4,95,0
348-5728,0,272.7,224.9,178.2,10.5,2,74,85,104,3,57,0
348-5767,0,199.9,288.4,180.6,11.3,1,108,80,103,7,43,0
348-6008,0,153.6,262.1,225.5,9.8,2,148,87,99,3,148,0
348-6057,0,153.5,251.7,182.2,8.5,1,94,118,99,6,88,0
348-6659,20,264.4,219.6,200.4,11.3,2,102,123,89,3,149,0
348-6720,0,132.6,221.1,127.9,12.7,4,125,67,101,2,111,0
348-6853,0,286.6,223.2,203.7,11.5,1,73,108,107,5,54,0
348-7071,24,174.6,176.6,214.4,8.8,2,76,114,91,5,136,0
348-7193,0,131.1,160.5,206.9,5.6,5,129,94,88,9,50,0
348-7224,0,146.7,106.2,197.7,11.1,2,128,74,104,4,115,0
348-7409,0,87.6,262,184.6,9.2,1,76,111,125,5,66,0
348-7437,0,151.6,155.4,240,14.7,1,107,96,112,4,97,0
348-7448,0,152.9,171.2,257,12,2,119,107,106,5,88,0
348-7484,31,282.3,152,225.5,12,1,70,89,93,4,65,0
348-7556,0,82.6,204,224.2,9.1,1,105,99,122,4,27,0
348-8015,37,220.2,185.3,205.1,4.1,0,109,99,82,2,95,1
348-8022,0,115.9,111.3,170.2,7.1,1,87,56,77,4,100,0
348-8464,0,86.1,259.8,148,9.1,2,100,113,79,9,121,0
348-8679,33,88.8,109.6,172.7,7.1,3,104,94,107,9,66,0
348-8711,23,245,265,239.7,14.9,2,88,105,108,3,123,0
348-9145,0,97.5,195.8,288.8,0,1,95,82,78,0,137,0
348-9383,0,151.8,103.6,156.3,12.2,1,115,116,86,4,91,1
348-9828,0,168.4,217.1,81.6,11.8,1,117,129,100,7,129,0
348-9938,0,180.4,194,227.3,8.4,0,123,98,88,5,157,1
348-9945,0,139.4,159.1,128.2,7.7,0,95,92,129,3,94,0
349-1687,23,154,278,228.4,11.8,2,114,137,112,4,119,0
349-1726,0,184.4,203.8,237.4,9.3,3,111,110,100,5,33,0
349-1756,0,210.6,153.1,262.2,11,0,120,84,79,5,115,0
349-1943,22,181.8,228.1,262.7,9.2,2,110,123,141,4,112,0
349-2157,0,145.5,228.4,273.4,8.9,1,116,110,91,8,64,0
349-2654,0,91.1,179.3,300.7,11.9,2,90,115,89,8,56,0
349-2808,41,119,230,236.9,9.5,0,101,134,58,3,86,0
349-3005,0,271.8,237.2,210.1,8.7,4,129,128,91,2,130,0
349-3112,0,159.5,275.5,176.7,10.1,1,103,90,126,2,153,0
349-3732,0,212.9,187,128.1,6.3,3,110,69,71,3,106,0
349-3843,29,128.2,171.7,250.9,11.7,3,119,83,114,6,61,1
349-4070,15,88.1,175.9,269.9,9.7,2,125,142,85,1,105,0
349-4369,0,127.3,251.3,135,10.3,1,108,81,88,3,133,1
349-4396,0,186.1,190.2,282.8,11.4,2,112,66,57,6,10,0
349-4397,0,173.4,213.7,141.5,11.5,1,100,74,69,4,161,0
349-4703,30,217.4,213.8,227.2,6.6,0,74,86,104,3,30,0
349-4762,29,239.5,203.8,167.8,9.9,0,82,105,70,6,68,0
349-4979,0,159.1,202.5,233.1,11.5,2,100,90,96,6,129,0
349-5617,33,270.7,200.7,201.7,10.9,3,53,116,102,3,61,0
349-6464,0,137.1,209.8,238.4,8.6,1,94,83,114,4,125,0
349-6567,37,154.6,83.4,165.9,13.3,1,92,103,99,3,64,0
349-7138,0,136.4,202.5,230.7,11.5,3,104,110,86,1,86,0
349-7282,25,141,212,175.2,4.9,3,101,85,138,2,97,0
349-7291,0,124.2,123.9,135.7,13.1,2,102,115,100,8,35,0
349-7362,0,271.1,172,169.2,10.3,1,80,133,105,5,102,0
349-8391,0,146.7,148.3,238.6,12.5,3,83,91,69,3,64,1
349-9060,0,172.5,142.6,102,10.9,0,78,91,63,2,173,0
349-9566,0,201.9,226.8,217.5,13.7,3,74,119,80,6,92,0
350-1040,0,78.2,253.4,255,18,1,127,108,100,3,45,0
350-1126,0,113.8,192.3,214.9,10.4,3,97,97,89,1,64,0
350-1354,0,202.8,165.8,143.9,4.6,1,109,104,71,4,143,0
350-1422,38,163.6,146.7,345.8,13.1,3,132,113,115,3,75,0
350-1532,0,169.4,184.9,234.3,2,1,102,144,89,7,77,0
350-1639,0,259.9,245,134.4,8.4,3,68,122,121,3,170,1
350-2012,0,150.5,193.1,311.6,10.3,1,75,93,93,2,165,0
350-2075,0,166.8,143.5,210.7,11.8,0,127,121,130,4,153,0
350-2250,0,150,293.8,250.7,10.3,3,106,123,65,7,105,1
350-2340,37,181.2,177.6,228,5,2,76,98,136,3,35,0
350-2384,0,241.9,126.9,185.6,11.7,0,102,117,92,6,107,0
350-2565,0,110.4,137.3,189.6,7.7,2,103,102,105,6,111,0
350-2832,0,190.7,208.6,203.8,8.8,1,72,103,111,8,101,0
350-4297,0,159.3,202.3,229,9.5,2,104,98,73,3,83,0
350-4367,0,104.7,249.8,192.3,8.9,1,115,144,99,2,137,0
350-4820,0,166.4,317,160.4,10,1,117,129,121,2,160,0
350-5883,0,198.8,230.1,119.8,9.9,2,56,73,81,3,120,0
350-5993,0,153.3,224.5,273.4,8.9,2,106,117,152,5,87,0
350-6473,0,127.1,247.7,207.7,5,3,102,106,75,3,138,0
350-6639,34,221.8,161.7,227.7,14,0,105,85,62,7,44,0
350-6759,0,204.2,179.9,216.8,9.5,1,115,152,109,5,166,0
350-7114,0,81.7,210.2,212,11.3,6,123,108,64,3,40,0
350-7227,22,204.5,139.6,205,8.6,2,92,121,103,5,122,0
350-7273,0,229.9,202.4,171.4,14.2,1,116,110,105,6,95,0
350-7288,0,197.8,221,168.6,8.9,1,60,64,134,5,51,0
350-7306,0,148.1,164.9,216,12.3,5,73,101,125,2,64,0
350-7344,25,134,206,180.6,9.7,0,112,111,118,4,92,0
350-8680,40,171.2,145.7,196.8,14,1,88,109,93,6,128,0
350-8884,27,196.4,280.9,89.3,13.8,1,139,90,75,4,85,0
350-8921,0,157.1,223.3,181.4,6.1,1,90,72,111,2,50,0
350-9228,0,209.1,106.1,179.6,14,0,127,80,90,6,143,0
350-9313,36,166.2,238.8,108.8,11.2,3,54,109,92,2,111,0
350-9318,0,222.4,165.4,208.4,11.2,0,85,76,97,4,132,0
350-9720,37,112.8,243.9,178.7,13.2,2,150,97,112,6,47,0
350-9994,0,183.6,256.7,178.6,10.2,1,117,72,79,2,6,0
351-1007,42,165.3,223.5,260.8,7.6,3,97,118,72,7,84,0
351-1382,0,139,224.9,170.8,15.7,2,96,64,118,5,180,0
351-1389,29,85.2,230.4,243.6,9,2,98,85,104,3,136,1
351-1466,0,150.3,255.9,136.7,12.5,2,101,112,62,4,124,0
351-1894,38,193,153.6,260.4,7.4,2,106,106,87,5,84,0
351-2535,0,229.4,214.1,289.6,10.4,4,107,99,95,6,111,0
351-2587,0,124.4,179.7,253,11.3,0,83,81,99,6,148,0
351-2589,0,115.4,178.7,185.7,6,3,137,70,113,3,202,0
351-2773,0,157.7,298.6,216.9,13.8,1,101,100,99,3,92,0
351-2815,0,264.5,194,262.7,7.5,2,117,111,111,4,100,0
351-2928,16,200.3,197.8,151.1,10.4,1,72,91,92,3,112,1
351-3169,0,189.5,103.8,180.6,10.8,2,122,95,106,5,62,0
351-3316,0,158.4,306.6,144.2,2.1,1,71,66,93,4,98,1
351-4025,0,89.5,339.9,172.9,7.9,1,94,106,76,1,94,1
351-4226,0,179.4,232.5,175.8,14.7,0,80,99,105,3,59,0
351-4288,0,187.9,197,167,4.8,2,110,117,108,4,145,0
351-4616,24,142.1,183.4,164.8,9.6,1,124,129,114,4,115,0
351-5576,0,142.5,208.3,228.9,7.5,2,92,102,120,2,63,0
351-6366,0,223.2,216.5,214.7,12.4,1,142,114,111,2,21,0
351-6384,0,144.2,226.7,144.6,13.8,3,91,137,72,4,97,0
351-6552,0,125.1,248.8,211.3,11.2,3,99,62,79,3,60,0
351-6574,0,156.4,185.5,226.7,11.8,1,105,98,96,3,46,0
351-6585,0,237.2,222.6,173.3,11,1,124,87,81,3,87,0
351-7005,31,224.7,134.5,120.3,7.5,1,69,81,104,5,40,0
351-7016,0,162.8,185,219.5,6,2,65,109,104,3,98,0
351-7269,0,332.9,317.8,160.6,5.4,4,67,97,128,9,161,0
351-7309,0,276.5,195.6,210.3,7.2,1,122,79,78,3,80,1
351-7369,36,309.9,200.3,183.5,14.2,1,90,89,105,2,114,0
351-7807,0,173.4,222,64.2,13.7,1,107,84,94,6,135,0
351-8398,0,162,241.2,210.4,10.9,1,104,120,83,7,191,0
351-8894,0,101.1,214.4,179.5,10.3,2,119,67,112,5,112,0
351-8955,0,153.9,220.1,280.5,8.5,2,117,122,147,3,65,0
351-9037,0,301.7,167.1,72.2,10.5,1,82,118,89,6,50,0
351-9537,0,99.3,270.5,225.3,9,3,112,136,94,6,111,0
351-9604,28,206.9,264.4,171.8,9.3,2,126,126,124,11,141,0
352-1127,15,165.1,267,250.7,10.9,1,85,93,114,4,108,0
352-1237,0,154,225.8,265.3,3.5,1,67,118,86,3,64,0
352-1798,0,209.8,171.3,154.6,9.9,4,114,82,119,9,52,0
352-2175,0,104.7,82.2,169.4,15.8,3,112,104,110,7,70,0
352-2270,30,220.1,222.2,158.4,13.1,0,105,109,96,8,106,0
352-2998,0,178,153.8,236.6,11.7,1,110,64,105,4,134,0
352-3440,0,175.7,184.6,156.9,9.1,2,78,96,92,2,123,0
352-4182,32,212.3,251.5,208.7,6.6,3,77,78,85,2,123,0
352-4221,0,203.1,217,180.9,13.5,3,96,126,122,2,100,0
352-4401,0,128.3,215.3,143.7,14.3,2,78,120,140,9,99,0
352-4418,0,239.7,282.9,238.4,8.7,2,47,110,88,3,113,0
352-4534,0,101.4,249.1,157.6,7.1,1,145,116,107,6,129,0
352-4541,0,154.2,196.7,253.5,10.1,1,78,85,97,9,57,0
352-5000,0,195.1,261.5,203.8,11.4,0,91,57,90,5,69,0
352-5081,0,220.3,188.6,278.4,10.6,1,124,101,98,4,101,0
352-5118,15,160,209.5,82.3,8.7,5,95,110,107,5,119,1
352-5393,0,181.9,151.5,143,7.5,1,90,87,100,3,88,0
352-5466,0,303.9,232.2,147.1,5.8,1,106,54,76,3,42,0
352-5542,0,127.7,182.9,172.9,10.6,1,67,90,92,7,115,0
352-5663,0,196.5,158.6,269.3,6.8,0,88,129,118,3,72,0
352-5697,0,222.2,153.1,227.4,12.9,1,127,125,80,4,10,0
352-5750,0,212,226.6,193.6,8.9,3,113,128,114,7,105,0
352-5787,0,237.3,176.7,263.4,14.2,0,103,84,81,4,137,1
352-5815,0,163.5,143.7,253.4,12.6,1,136,111,82,5,94,0
352-6068,33,167.8,205.3,130,14.5,4,91,91,132,4,174,0
352-6084,0,216.8,207.3,228.6,5.6,1,77,117,117,2,160,0
352-6265,0,188.5,182,218.2,6.1,1,77,123,127,6,124,0
352-6282,30,198.9,207,159.8,12.6,3,87,90,76,4,107,0
352-6573,0,155,330.6,189.4,13.5,1,93,106,123,3,113,0
352-6732,0,109.4,207.5,135,11.6,0,91,111,107,5,136,0
352-6833,0,173.6,91.7,211.7,9.7,3,110,84,103,7,122,0
352-6976,0,303.9,260.9,312.1,5.3,1,95,114,89,3,89,0
352-7072,0,210.2,227.3,200.1,13.1,1,92,77,116,7,46,0
352-7234,0,248.6,174.9,207.2,6.1,3,102,93,86,3,101,0
352-7413,0,101,155.6,304.4,13.3,0,93,104,93,2,82,0
352-7752,0,239.7,281.7,183.5,11.4,1,87,92,113,1,126,1
352-7915,0,134.9,156,197.5,10.2,1,59,152,112,5,89,0
352-8202,0,205.9,209.3,289.9,14.5,2,88,86,84,4,137,0
352-8249,26,196.5,175.8,221.8,13.4,0,98,111,124,5,151,0
352-8305,41,148.1,169.5,214.1,6.2,2,74,88,102,5,40,0
352-8327,0,178.2,167.8,182.1,13.6,3,113,94,111,3,71,1
352-8508,0,147.9,209.3,162.1,8.8,2,97,99,80,5,106,0
352-9017,0,217.1,205.2,185.7,9.4,2,76,100,91,3,112,0
352-9050,0,136.1,156.3,158.8,10.1,2,82,118,83,5,98,0
352-9130,12,135.8,200.6,192.4,12.3,2,60,134,98,7,51,1
352-9836,0,195,198.5,304.3,14.8,0,58,88,110,9,59,0
352-9947,36,115.4,166.2,184.7,15.2,2,98,83,79,6,38,0
353-1352,15,221.8,210.6,221.8,12.4,1,143,115,109,9,174,0
353-1941,31,193.8,202.6,191.2,13.3,1,130,98,102,2,9,0
353-1954,0,101.7,202.8,136.2,9.4,3,105,99,119,6,136,0
353-2080,0,85.9,226.7,279.6,15.6,0,113,91,110,16,94,0
353-2391,0,207.2,214.1,193,11.9,1,138,83,105,4,41,0
353-2450,33,112,208,150.3,11.3,2,90,112,83,4,54,0
353-2557,19,157.3,257.7,190.4,9.6,0,123,94,107,6,185,0
353-2630,0,190,258.2,181.5,6.3,0,109,84,102,6,20,0
353-2763,0,204.5,208.8,224,9.8,0,63,95,119,2,136,0
353-3061,28,120.9,213,163.1,8.5,2,97,92,116,5,59,0
353-3203,0,114.4,127.7,253.1,10.1,2,122,154,109,5,90,0
353-3223,40,108.6,206.4,126.3,13.4,0,90,154,118,4,96,0
353-3285,0,220.2,188.4,172.7,11.7,2,108,124,113,3,127,0
353-3305,0,130.8,223.7,227.8,10,1,64,116,108,5,78,0
353-3351,0,210.5,204.5,127.8,8.5,1,102,83,53,5,54,0
353-3372,0,256.4,214.5,233.7,7.9,3,44,105,75,1,99,0
353-3492,24,135.9,233.2,210.6,9.4,1,60,78,121,4,131,0
353-3759,0,151,219.7,203.9,9.7,5,83,116,127,3,87,0
353-3994,0,194.8,235.3,174.4,11,1,97,118,126,3,135,0
353-4002,0,187.6,201.4,264.2,8.8,1,83,81,79,1,149,0
353-4296,0,162.3,192.4,240.6,10.1,2,116,86,100,3,78,0
353-4880,39,183.3,205.1,263.7,5.1,1,106,101,90,7,155,0
353-5257,24,71.2,181.6,186.9,12.9,1,82,103,111,1,90,0
353-5557,0,197.7,127.6,142.1,13.5,1,101,83,103,3,82,0
353-5714,0,154.4,217.2,185.4,13.9,1,130,101,52,4,101,0
353-6007,0,209.4,347.3,246,7.4,1,151,113,116,2,113,0
353-6038,0,245.2,101.5,152.3,10.7,0,112,101,116,5,128,1
353-6056,0,191.9,206.9,272,12.6,1,107,127,88,2,132,0
353-6218,28,143.5,223.5,175.4,11.2,0,106,147,69,5,87,0
353-6300,0,216.7,144.3,135.3,10.8,2,30,125,106,1,155,0
353-6482,0,170.6,162.1,210.7,6.1,1,97,111,131,1,104,0
353-6870,0,145.5,217.7,146.9,10.9,3,92,114,123,2,90,0
353-7096,0,105.4,214.8,223.6,7.8,0,70,122,126,5,161,0
353-7289,0,124.8,282.2,311.5,10,2,82,98,78,4,34,0
353-7292,26,292.9,199.7,255.3,13.8,4,101,97,127,7,131,1
353-7407,0,205.9,257.1,209,12.1,0,96,94,63,8,138,0
353-7461,0,247.3,182.7,143.2,14.7,3,91,60,112,2,128,0
353-7730,0,141.3,154.3,210.6,8.2,1,72,95,91,5,86,0
353-7822,0,149.4,196.5,209.5,14.9,1,145,105,108,3,58,0
353-8363,0,271.2,202.6,221.6,11.5,3,105,105,51,3,94,0
353-8849,0,206.2,256.4,117.1,9,1,84,138,91,3,105,0
353-8928,0,235.2,220.6,236.3,11.8,1,121,87,91,4,106,0
353-8970,0,236.6,220.9,146.8,8.9,1,91,146,114,2,49,0
353-9339,0,203.2,235.8,224.9,15.1,2,99,131,112,6,60,0
353-9998,0,109,259.3,182.1,13.3,4,88,120,119,3,75,0
354-1558,17,219.5,222.1,188.3,16.1,1,78,94,92,5,88,0
354-2189,0,170.7,179.1,281.9,8.2,3,55,108,89,9,40,1
354-2434,0,208,95.1,178.5,8,1,69,94,129,11,110,0
354-2762,0,210.1,248.9,158.6,14.4,4,126,108,88,2,58,0
354-2985,0,232.7,186.4,153.3,11.5,5,114,123,122,6,101,0
354-3040,0,274.6,161.1,194.4,9.2,2,105,121,123,4,88,0
354-3237,0,221.2,213.6,291.8,11.9,4,80,104,89,3,98,0
354-3436,0,102.8,206.7,299,10.1,1,119,91,105,7,117,0
354-3545,13,214.2,181.2,174,10.3,0,61,88,68,2,63,0
354-3783,0,151.7,119,180,10.5,0,82,105,100,6,135,0
354-4333,0,143.1,239.6,221.7,7.1,2,139,88,123,5,13,0
354-4352,0,230.1,212,174.9,13.2,1,107,120,119,4,138,0
354-4445,0,201.4,229.4,252.5,12,1,52,104,106,3,85,0
354-4448,21,147,197.3,267.4,8.7,2,112,43,93,3,105,0
354-4568,0,178.7,215.7,152.7,10.6,4,56,79,84,2,163,0
354-4577,0,201.1,303.5,224,13.2,1,99,74,119,2,144,0
354-4752,0,86,260.7,98.6,8.9,1,83,86,109,4,84,0
354-5058,0,106.1,123.5,96.4,12.9,0,77,100,92,3,55,1
354-5689,0,147.1,161,275.9,9,5,119,111,106,3,114,0
354-5764,0,81.6,268.1,140.8,8.6,1,94,112,75,18,112,0
354-6183,33,141.4,186.4,210,7.7,1,130,114,111,6,143,0
354-6810,24,154.8,177.2,207.6,9,1,69,105,102,4,127,0
354-6942,0,260.5,102.4,129.7,9.8,1,108,110,148,5,107,0
354-6960,0,204.9,135.2,208.2,10.4,5,107,102,106,3,103,0
354-7025,0,159.7,155.4,255.7,8.4,1,83,121,114,3,99,0
354-7077,20,239.1,209.1,268.2,13.3,5,105,111,130,3,152,0
354-7201,0,183.5,170.5,193.8,8.3,3,93,80,88,5,88,0
354-7314,0,198.3,279.3,146.2,14.8,3,94,101,87,8,73,0
354-7339,0,181.8,202.4,245.9,9.2,4,85,98,97,2,94,0
354-7397,0,225.1,279.5,233.8,8.8,0,90,127,103,4,97,0
354-7718,39,116.9,276.5,289.9,12.3,0,127,88,125,2,141,0
354-7820,0,225.9,162.8,272.1,10.1,1,123,106,85,4,104,0
354-8088,0,247.4,175.9,287.4,11.3,0,107,76,90,2,30,0
354-8191,0,164.2,196.2,236.1,8.1,1,116,153,119,1,46,0
354-8491,29,158.1,322.2,210,8.9,1,104,81,96,6,65,0
354-8914,0,168.6,187.7,216.5,14.4,2,92,107,95,8,147,0
354-9062,0,212.1,150.1,219.8,7.7,3,95,88,111,2,107,0
354-9068,0,198.5,266.6,243.3,8,2,124,100,80,7,90,0
354-9492,0,274.3,52.9,246.1,10.9,0,110,109,119,5,166,0
355-1019,0,194.2,193.8,192,9.3,3,98,95,123,7,86,0
355-1113,40,104.9,216.3,217.4,9.6,1,65,93,128,9,67,0
355-1735,0,141.2,149.1,171.4,7,2,132,90,72,2,71,0
355-2293,0,182.1,211.5,207.4,6.8,1,89,104,124,1,41,0
355-2464,0,287.3,288,266,10.5,0,123,114,112,4,179,0
355-2634,18,222.1,160.6,218.8,13.6,0,89,109,102,2,128,1
355-2840,0,232.1,210.8,165.4,15,5,81,101,87,6,27,0
355-2872,0,139,250.7,286.2,6.1,4,99,108,87,3,3,0
355-2909,0,166.3,158.2,256.7,6.1,1,125,86,80,5,75,0
355-3602,24,118.1,109.6,245.5,16.9,1,83,72,73,2,118,0
355-3620,0,63.2,220.2,184,5.1,0,108,88,99,3,195,0
355-3801,0,179.3,208.9,248.2,13.5,1,147,89,98,6,60,0
355-3814,0,184.8,175.1,158.2,10.5,1,74,84,95,6,124,0
355-4143,0,67.7,195.7,236.5,12,1,68,86,137,2,77,0
355-4842,0,204.4,219.1,222.7,10.5,3,135,90,114,6,146,1
355-4992,0,267.4,204.2,111.7,5.9,1,78,85,146,4,129,1
355-5009,23,197.1,214.5,282.2,9.5,4,125,136,103,5,94,1
355-5922,0,122,138.3,224.2,5.8,1,92,114,128,5,73,0
355-6291,0,212.1,209.4,167.2,5.3,1,131,104,96,5,120,0
355-6422,0,129.9,230.1,140.5,13.3,0,121,105,123,3,81,0
355-6531,22,196,322.7,225.6,3.7,1,82,82,120,5,117,1
355-6560,0,233.8,221.6,146.9,12.8,0,103,131,106,3,102,1
355-6826,0,202.7,224.9,253.9,12.1,0,105,90,108,7,134,0
355-6837,0,282.5,219.9,170,9.4,1,114,48,115,4,74,0
355-6930,0,177.1,194,146.7,5.9,1,112,112,108,4,94,0
355-7251,0,229.3,177.4,189.3,12,1,103,126,95,8,125,0
355-7293,0,221.8,203.8,215.8,8.4,1,97,134,154,4,90,1
355-7705,0,62.3,275,138.7,10.8,1,92,82,108,3,44,1
355-7895,40,237.4,175.9,210.3,9.2,3,105,93,110,3,142,0
355-8299,30,221.4,165.8,247,10.8,1,114,116,105,12,7,0
355-8887,0,214.1,164.4,177.5,8.2,2,72,104,113,3,46,0
355-9295,0,192.2,168.6,139.8,9.4,1,86,116,87,6,73,0
355-9324,0,249.4,211.5,169,9.1,0,118,95,116,3,92,0
355-9356,0,210.6,164.2,201.4,9.4,0,117,103,68,5,108,0
355-9360,0,95.5,163.7,264.2,6.6,2,92,63,118,6,243,0
355-9366,26,169,188.8,213.3,13.3,0,104,104,76,3,90,1
355-9475,0,186,262.3,98.9,11.5,4,127,96,63,6,129,0
355-9508,0,206.4,128,194.5,8.8,2,122,102,84,5,137,0
355-9541,0,254.8,143.4,153.9,15,2,85,80,102,7,73,0
355-9581,0,259.9,176.2,77.2,15.3,1,114,94,112,1,51,0
355-9993,24,218.2,348.5,212.6,7.5,3,88,108,118,7,121,0
356-1270,11,180.7,173.7,231.5,10.1,2,82,90,89,4,146,0
356-1358,0,203.3,259.9,115.9,7.8,3,108,66,103,2,120,0
356-1420,0,159.8,264,115.7,9.7,2,99,64,70,7,54,0
356-1567,0,223,110.1,188.7,7.1,0,121,98,107,12,106,0
356-1582,0,178.7,252.3,255.7,8.4,1,61,84,76,4,68,0
356-1654,47,173.7,204,174.6,6.3,2,117,114,94,3,73,0
356-1889,0,160.4,102.6,235.3,9.1,2,68,103,106,5,39,0
356-1952,0,124.1,192.8,162.9,6.4,3,117,108,84,5,64,0
356-2093,38,236.6,197.5,209.5,9.5,2,69,68,102,10,80,0
356-2302,0,188,90.5,150.3,15.3,3,127,118,64,3,110,0
356-2992,33,189.7,212.8,165.7,10,1,66,65,108,5,76,0
356-3333,0,208.7,173.3,264.7,8.3,3,84,88,107,3,66,1
356-3403,0,189.5,207,214.1,9.2,0,112,95,91,7,77,0
356-3448,29,225.4,187.1,281.1,12.9,1,79,112,112,3,86,0
356-3646,0,184.1,327,212.5,7.5,2,98,73,106,6,115,0
356-4001,0,230,103.2,309.6,11.3,2,87,138,136,3,77,0
356-4146,0,204.6,205.2,164.6,10.7,0,117,94,84,5,44,0
356-4558,0,222.7,105.8,214.8,13.5,1,94,98,78,4,110,0
356-4706,0,247.5,108.5,232,10.6,2,99,118,72,3,127,1
356-4832,29,157.2,196.3,226.7,8.4,3,118,136,109,5,86,0
356-5244,24,170.9,201.4,159,4.1,2,71,80,124,5,52,0
356-5475,0,167.1,131.8,187.4,9.4,6,77,79,98,1,82,0
356-5491,36,178.7,178.6,126.8,8,2,134,102,82,4,93,0
356-7208,0,176.2,236,152.5,10.6,1,120,138,104,4,67,0
356-7217,0,164.2,155.4,168.9,10.7,1,109,90,117,8,104,0
356-7239,0,127.8,181.6,197.3,15.9,2,67,112,63,2,80,0
356-7511,0,134.4,152.4,236.5,9.4,1,104,95,80,3,95,0
356-7580,0,193.2,194.4,186.5,9.7,4,89,90,104,2,13,0
356-7817,33,184.2,312.6,264,12.2,1,111,89,55,4,63,0
356-8449,34,162.1,171.8,259.8,9.6,4,83,117,76,3,108,0
356-8621,26,146.6,172.8,173.8,10,1,68,67,113,2,1,0
356-8982,0,169.2,149.9,196.9,4.6,2,96,83,119,4,114,0
356-9187,45,248.8,140.3,263.6,10.3,3,124,77,102,2,96,0
357-1085,0,139.4,223.7,173.1,13.6,1,81,113,77,6,46,0
357-1700,0,148.2,161.8,259.3,11,0,108,113,103,4,104,1
357-1909,0,218,114.4,269.2,12.4,0,57,88,95,1,151,1
357-1938,0,298.4,270.5,107.3,12.2,0,78,142,84,2,125,1
357-2294,0,259.7,152.7,224.7,10.2,0,106,116,92,2,83,0
357-2429,18,182.1,213.6,193,13.4,2,66,65,108,9,104,0
357-2679,0,213.4,204.9,179.7,9.5,1,100,52,93,6,105,0
357-2735,0,168.2,224.7,169.5,12.9,1,92,100,99,3,87,0
357-2748,22,200.4,131.1,230.7,7.6,1,80,84,67,5,64,0
357-3187,0,208.8,225.3,221.6,11.1,0,120,100,130,5,137,0
357-3577,0,185.3,219.1,243.6,5.5,0,91,88,107,5,69,0
357-3709,0,211.7,198.7,301.7,6.5,1,100,101,136,9,172,0
357-3817,39,213,191.1,182.7,9.5,0,115,112,115,3,57,0
357-4078,40,202.6,118.8,234.9,9,2,103,128,98,9,110,0
357-4265,0,277.5,131.8,126.9,8.2,1,104,121,101,2,71,0
357-4573,0,102.1,219.5,73.7,9.8,0,75,97,92,5,136,0
357-4936,26,220.5,239.5,254.3,5.9,2,94,126,109,9,142,0
357-5696,0,153,141.1,171.5,10.3,1,123,127,76,15,91,0
357-5784,0,18.9,258.4,109.6,14.8,1,92,81,74,4,110,0
357-5801,0,151.8,209.9,266.9,11.9,1,98,92,86,5,59,0
357-5995,0,183.8,164.7,111,10.1,1,113,110,87,4,147,1
357-6039,0,285.7,230.9,230.7,14.8,0,124,106,140,7,55,0
357-6348,34,161.7,207.6,205.7,9.2,0,114,115,114,4,67,0
357-7060,0,146.3,255.9,45,8,1,84,113,117,12,42,0
357-7064,0,134.1,195.1,159.6,10.5,2,112,104,139,2,121,0
357-7385,0,119.3,223.9,211.9,8.7,2,93,103,122,4,122,0
357-7875,25,203.8,267.1,225.1,7.3,0,118,48,105,5,127,0
357-7893,0,216.3,266.3,214,4.5,0,96,77,110,3,86,0
357-8515,12,188,151.3,201.9,10.5,2,105,107,132,3,89,0
357-9136,0,121.7,125.8,261.6,8.3,6,48,112,122,2,28,0
357-9832,25,96.2,178.9,182.1,12.9,2,112,70,84,10,139,0
358-1129,32,154,185.5,148.2,8.2,3,80,91,107,4,146,0
358-1329,0,92.4,219,212.6,12.9,2,109,115,80,4,136,0
358-1346,32,218.4,236.7,192.2,13.2,0,93,132,137,3,62,1
358-1778,0,162,247.5,155.5,8.9,0,81,89,99,8,110,0
358-1912,0,195.3,216.7,259.9,12.5,3,70,108,119,4,69,0
358-1921,0,243.4,121.2,162.6,12.2,0,114,110,104,5,137,0
358-1922,0,251.5,214.2,186.1,11.1,3,85,98,71,6,124,0
358-1958,0,183,72.9,181.8,9.5,0,112,99,78,19,130,0
358-2046,0,201.1,170.7,237.4,11.6,3,101,86,113,3,108,0
358-2490,0,273.8,289.7,269.1,5.8,2,97,106,126,3,105,0
358-2694,0,140.8,228.6,152.9,10.9,1,140,119,88,7,142,1
358-3114,0,131.7,216.5,196.1,11,1,108,103,126,5,50,0
358-3261,24,145.7,220.5,249.9,13.1,3,146,136,96,5,53,0
358-3604,0,169.5,230.9,269.8,9,2,93,71,115,7,146,0
358-3691,0,159.5,119.7,173.9,6.8,2,99,149,126,3,43,0
358-3692,0,263.7,186.5,195.3,18.3,1,113,103,99,6,130,0
358-4036,0,139.6,250.2,158.1,10.8,1,92,115,79,4,185,0
358-4412,17,236.7,263.5,259.6,12,1,95,56,107,4,79,0
358-4576,0,235.1,251.8,285.9,7.2,4,98,79,76,2,88,1
358-5274,0,157.4,167.8,188.8,8.8,3,107,112,102,3,124,0
358-5721,0,87.7,214.8,201.3,10.8,1,74,58,147,6,78,0
358-5826,0,209.8,194.5,200.4,11.3,0,82,94,85,3,85,0
358-5953,0,115.8,243.3,184.6,13.1,1,108,111,78,5,112,0
358-6672,20,133.3,184.1,272.9,13.5,1,63,123,107,2,52,0
358-6796,24,131.5,230.2,283.7,10,2,98,111,87,3,11,0
358-7165,0,288.8,175.9,215.4,9.5,0,86,87,106,2,44,0
358-7379,17,183.2,252.8,156.7,9.7,0,95,125,95,3,112,0
358-7914,0,130,185.3,178.7,8.3,0,110,88,105,4,82,0
358-8025,0,231.2,188.7,206.9,12.3,1,135,74,124,1,171,0
358-8729,0,205.3,166.7,240.6,7.8,1,95,128,84,4,147,0
358-9095,0,237.9,247.6,208.9,13.9,1,125,93,68,4,128,0
358-9146,0,206.7,281.1,158.5,11,3,87,83,77,5,7,0
358-9898,0,153.2,210.8,153.5,7.8,1,78,99,100,3,75,1
359-1231,0,241.8,170.5,295.3,11.8,3,93,83,104,7,138,0
359-1441,0,179.5,162.3,264.5,6.6,1,125,139,133,2,96,0
359-2197,0,129.6,246.2,172.1,9.4,3,79,99,124,10,140,0
359-2740,30,178.1,236.7,264,8.4,0,111,109,118,2,58,0
359-2915,16,90.4,201.3,227.1,13.1,0,105,109,115,4,136,0
359-3423,0,226.3,274.3,242.7,8.2,2,95,109,119,3,27,0
359-3618,0,219.1,242.9,168.9,10.1,2,100,90,101,4,167,1
359-3833,19,178.1,212.8,226.3,10,1,110,100,123,6,119,0
359-4081,0,131.2,162.9,159,8.2,2,98,97,106,6,38,0
359-4336,0,295.4,232.1,204.4,11.5,1,126,117,123,2,39,0
359-4587,0,275.4,187.5,147.1,13.6,1,150,62,126,3,178,0
359-5091,43,29.9,129.1,325.9,8.6,2,123,117,105,6,36,0
359-5160,33,239.2,235.5,156.3,9.5,1,109,112,95,4,143,0
359-5461,0,176.9,90.7,238,9.5,1,109,104,69,2,130,0
359-5718,35,217.1,220.8,249.5,8,2,92,134,93,5,119,0
359-5731,0,270,256.6,168.5,12,2,102,111,104,5,172,0
359-5890,0,125.2,205.4,254.4,18.9,0,99,107,111,2,128,0
359-5893,0,192.1,169.9,166.6,11.4,1,97,94,54,4,174,0
359-6163,0,125.7,207.6,183.1,12.9,1,96,137,103,2,82,0
359-6196,0,173.1,240.3,233.2,9,1,140,105,117,5,92,1
359-6232,0,314.1,222.4,259,12.3,3,86,99,121,5,74,0
359-6931,0,222.3,146.2,275.6,8.9,3,99,82,82,4,79,0
359-6995,0,202,163.5,195.4,10.4,1,126,86,84,6,158,0
359-7255,50,208.8,132.9,136.7,11.1,2,130,104,107,4,134,0
359-7426,0,308.6,150.8,198.7,7.3,4,139,94,66,3,44,0
359-7521,0,251,91.2,142.2,13.8,3,119,96,87,3,138,0
359-7562,0,221,165.4,235.4,9.7,1,115,97,117,4,55,1
359-7648,0,207.2,256,211,9.9,1,113,80,87,1,113,0
359-7694,0,134.3,202.3,195.9,12.6,2,98,109,100,5,25,0
359-7788,0,118.7,205.1,172.2,10.4,3,90,57,100,6,94,0
359-8466,30,58.8,219.5,152.3,7.1,0,104,107,118,3,100,0
359-9223,0,191.3,261.5,182.3,10,1,134,113,111,3,124,0
359-9369,0,173.9,287.4,204.8,9.1,1,111,105,91,7,96,0
359-9454,0,190.9,226.6,230.1,7.8,2,62,53,96,3,103,0
359-9794,0,126.7,206,247.8,13.3,1,108,90,114,7,125,0
359-9972,43,206.7,174.6,241.5,10.9,1,79,122,80,3,149,0
359-9992,0,246.4,160.3,170.9,7.6,1,83,88,99,7,90,0
360-1171,0,61.6,77.1,173,8.2,4,117,85,99,7,144,0
360-1320,0,110.9,213.4,186.2,7.9,2,54,82,116,2,116,0
360-1406,0,253.5,117.9,248.5,14,0,104,123,104,2,124,0
360-1596,0,249.6,252.4,280.2,11.8,1,118,119,90,3,12,0
360-1643,39,117.6,159.2,236.4,11.3,2,82,60,113,10,54,0
360-1745,0,222.5,169.7,264.3,9,2,74,75,94,3,109,0
360-1776,0,112.8,199.4,142.7,10.1,0,133,116,105,5,131,0
360-1852,0,252.7,221.1,109.9,12.4,2,97,121,100,4,60,0
360-2107,22,252.9,177.9,158.4,8.5,3,112,99,146,4,50,0
360-2329,0,234.9,270.8,219.3,13.9,1,136,134,101,2,160,0
360-2479,0,138.7,256.9,234.9,10,0,107,113,74,3,104,0
360-2690,28,151.4,152.4,250.1,0,1,95,97,109,0,87,0
360-3126,0,109.5,286.1,247.6,4.9,1,105,90,113,9,78,0
360-3324,0,312,129.4,217.6,10.5,0,109,100,74,2,93,1
360-3525,0,147.9,228.4,299.7,9.6,3,109,117,90,9,115,0
360-4320,0,102,270.2,148.2,10.7,1,95,139,105,3,85,0
360-5636,0,156,276.1,175.9,9.3,1,88,81,94,5,165,0
360-5779,0,136.3,172.2,137.5,7.1,0,97,108,101,5,87,0
360-5794,0,245,180.4,262.9,9.7,1,112,91,105,6,94,0
360-6024,25,197.4,295.7,211.7,13.2,0,73,113,73,2,78,0
360-6309,0,94.1,280.3,205,9.8,0,136,122,77,4,73,0
360-6416,0,261.9,148.1,145.2,13.8,0,113,99,74,4,64,0
360-6868,0,158,292.5,241.1,9.1,1,106,114,89,4,158,0
360-7076,24,176,277.9,174.7,14.7,1,118,116,71,7,68,0
360-7079,0,216.2,222.2,192,3.1,2,67,133,95,1,133,0
360-7246,42,166.9,273.2,171,11.5,1,101,84,106,1,93,0
360-7404,20,264.7,216.5,210.7,10.4,0,81,110,102,7,37,0
360-7477,0,164.6,270.6,230.4,8,0,110,103,109,3,116,0
360-7839,0,200.6,152.5,199.4,7.7,3,106,127,128,2,102,0
360-8135,0,170.5,193.2,188,11.2,0,113,129,91,6,112,0
360-8666,0,104.6,149.5,255.1,6.5,2,121,71,67,8,210,0
360-8919,0,111.4,175,217.2,5.5,3,133,66,106,6,224,0
360-9005,30,185,249.5,157.8,7.4,0,117,141,103,7,130,0
360-9038,35,186.8,261,317.8,15,0,124,69,103,5,33,0
360-9676,38,177.1,163.7,242.7,7.4,0,88,108,72,2,100,0
361-1315,26,116.7,145.9,175.1,9.9,1,71,88,103,3,190,0
361-1404,47,141.6,207.9,203.6,10.2,0,95,130,95,11,92,0
361-1581,0,123.1,158.4,256.1,9.3,0,100,82,82,5,107,0
361-1900,0,220.8,265.7,212.8,6.4,0,100,106,94,3,40,1
361-2170,0,147.7,283.3,188.3,6.9,2,94,83,124,5,128,0
361-2349,0,81.9,253.8,213.1,8.9,2,75,114,125,1,119,0
361-2924,0,218.9,299.9,158.6,11.3,2,105,87,110,4,109,0
361-3337,0,186.1,254.3,214,14.6,2,98,57,127,7,19,0
361-3779,35,192.6,135.2,216.2,7.9,2,97,101,101,2,50,0
361-4137,0,260.8,258.1,131.3,5.8,1,87,78,123,2,35,0
361-4910,0,203.6,161.7,175.9,8.4,0,61,127,97,3,76,0
361-5225,0,35.1,180.8,251.6,12.7,1,62,89,58,2,122,0
361-5277,0,150.4,230.5,186.3,12.3,1,119,99,76,4,130,0
361-5864,0,49.9,150.7,188.2,10.1,2,123,81,67,4,205,0
361-5936,0,168.6,205.1,175.8,5.9,3,71,48,88,2,157,0
361-6563,0,171.5,160,212.4,5,1,99,103,102,2,224,1
361-6814,0,193.7,126.9,221.2,8.8,0,74,84,166,4,34,0
361-7283,0,108.6,209.9,222.6,7.9,1,108,126,117,5,78,0
361-7702,0,140.1,231.4,188.1,11.2,2,120,128,127,5,122,0
361-7998,25,192.7,225.9,254.2,10.9,2,85,105,59,6,131,0
361-8113,33,200.3,226.6,198.8,12.9,2,75,67,91,3,132,1
361-8239,0,184,120.4,153.7,11,0,120,119,86,3,109,0
361-8288,0,198.1,156.7,182.1,9.3,3,160,87,76,3,80,0
361-8367,0,257.3,184.8,108.9,13.5,0,84,115,109,7,101,0
361-9195,0,189.8,173.7,257.1,10.3,0,122,85,84,1,171,0
361-9621,0,100.8,230,193.6,9.5,0,112,69,95,2,169,0
361-9839,0,209.1,205,119.4,7.8,2,141,93,111,3,109,1
361-9845,33,243.1,213.8,228.7,12.1,2,92,92,104,2,92,0
361-9923,0,183.9,255.9,275,10.8,1,115,101,145,11,101,0
362-1146,0,189,118.5,248.1,17.1,0,100,99,87,6,55,0
362-1407,37,220,217.3,152.8,14.7,3,80,102,71,6,72,0
362-1490,0,193,89.8,172.8,15.3,1,97,99,104,3,124,0
362-2067,0,158.1,115.2,182.4,11.8,0,117,149,92,7,57,0
362-2314,0,205.2,240.6,79.7,14.4,0,97,77,108,12,158,0
362-2353,0,152.9,256.6,173.6,5.3,2,81,82,112,6,78,0
362-2356,0,117.9,160.4,235.3,11.4,0,101,92,150,10,83,0
362-2776,0,216,188.2,147.1,3.6,2,73,117,98,7,85,1
362-2787,16,118.9,228.3,180.1,8.2,2,112,97,111,5,101,0
362-3107,0,133.4,223.9,180.4,10.2,1,107,117,85,13,143,0
362-3660,0,179.3,252.7,227.5,8,0,97,126,114,5,43,0
362-4159,0,179.2,283.3,285.4,5.8,2,59,101,83,7,35,0
362-4596,0,260.4,146,269.5,11.5,5,115,46,87,4,96,0
362-4685,0,178.1,146.5,137.6,8.5,1,109,86,78,2,161,0
362-5044,0,196.1,185.5,250,5.2,2,89,87,132,6,131,0
362-5111,0,189.1,246.1,242,10.4,1,105,147,106,5,159,0
362-5579,0,265.2,178.7,174.7,10.7,2,122,102,90,9,82,0
362-5889,0,235.8,157.2,188.2,12,0,109,94,99,3,85,0
362-5899,0,118.4,249.3,227,13.6,5,126,97,56,3,117,0
362-6528,0,161.3,220.6,224.7,9.6,1,122,95,104,3,129,0
362-7318,0,197.9,181.5,281.4,6.7,3,108,109,56,5,71,0
362-7581,37,237.1,264.2,271.3,7.9,1,76,125,120,3,81,1
362-7604,0,233.7,207.9,212.7,12,2,114,109,101,2,37,0
362-7835,0,103.3,138.5,164.8,9,2,103,79,98,2,71,0
362-7870,0,193.7,183.2,293.7,10.8,1,108,124,72,5,105,0
362-7951,31,175.2,199.2,219.8,13.2,1,68,73,99,6,67,0
362-8280,0,122.4,143.8,157,11.5,1,88,111,106,3,126,0
362-8331,0,183.6,58.6,202.6,8.7,1,107,118,99,3,50,0
362-8378,0,187.8,149.2,201.4,11,2,95,143,113,4,73,0
362-8763,36,294.9,165.7,189.2,9.8,3,106,115,63,5,118,0
362-8886,0,203.8,87.8,166.2,11.7,1,85,110,122,4,114,0
362-9391,0,189.7,115.9,220.6,7.4,0,100,133,115,4,59,0
362-9411,0,160.1,256.7,270,7,2,87,120,107,1,141,0
362-9748,0,251.8,205.7,275.2,9.8,2,72,126,109,7,77,0
362-9983,29,163.8,134.9,79.3,8.8,2,77,112,95,2,82,0
363-1069,42,196.8,254.9,138.3,20,0,89,122,126,6,36,1
363-1107,0,128.8,104.9,141.1,11.2,1,96,71,128,2,168,0
363-1123,0,190.4,92,224.8,13.6,2,91,107,108,17,94,0
363-1208,0,255.3,194.6,276.6,3.7,3,114,83,78,5,85,0
363-1366,23,175.7,258.9,268.4,14.1,1,82,136,154,7,71,0
363-1413,0,256.5,222.1,156.7,13,1,87,101,122,3,127,1
363-1560,0,234.8,106.8,178.5,9.9,0,89,131,122,6,58,0
363-1719,0,207.3,198.4,114.1,8.6,1,115,82,83,4,149,0
363-2193,0,92.2,211.2,129.1,13.1,1,108,120,73,6,42,0
363-2407,0,219.9,143.3,130.6,11.7,1,80,117,69,7,189,0
363-2602,0,191.5,175.2,220.3,0,0,88,78,118,0,114,0
363-3295,0,170.5,277.5,162.5,12.2,1,86,88,117,6,96,0
363-3469,0,232.6,253.4,154,10.5,1,96,117,101,9,105,0
363-3486,0,207.6,251.6,191.6,10.9,2,68,123,100,6,68,0
363-3515,0,205.7,214.5,226.1,6.7,1,123,108,106,18,79,0
363-3571,0,205.4,134.9,310.5,10.3,3,101,77,83,2,146,0
363-3763,0,49.2,143.9,203,12.1,1,121,136,97,13,162,0
363-3818,0,184.5,172,183.4,13.7,3,81,103,96,3,87,0
363-3911,0,204.2,292.6,244.3,10.5,0,100,139,105,2,76,0
363-4005,0,203.4,167.7,132,9.2,2,81,110,124,5,166,0
363-4779,0,97.1,228,240,10.6,1,98,131,111,3,117,0
363-4967,0,193.6,148.7,282.5,13.1,2,58,115,105,1,109,0
363-5450,0,211.3,162.6,134.7,13.2,3,120,122,118,5,65,0
363-5819,21,232.4,211.9,273,5,3,96,118,102,5,173,0
363-5853,0,142.5,195.7,122.1,7.8,2,87,88,117,8,100,0
363-5947,0,175.5,249.3,270.2,10.2,1,67,85,98,3,81,0
363-6695,0,239.8,128.9,249.9,11.3,1,107,121,110,5,127,0
363-6896,0,191.4,205.4,205.7,10.2,3,93,119,121,3,154,0
363-7802,31,313.8,147.7,192.7,10.1,3,87,103,97,7,210,0
363-7979,0,177.4,240.3,237.3,12,0,136,104,133,3,74,0
363-8033,0,266,214.6,306.2,14.2,2,97,94,100,2,112,0
363-8244,17,186.9,240,200.9,5.8,1,94,138,64,3,171,0
363-8424,37,201.2,280.1,154.2,11.8,1,76,122,110,1,57,0
363-8715,26,183.9,240.7,185.7,15,1,83,93,125,3,138,0
363-8755,0,117.1,249.6,162.2,11.1,3,118,90,84,4,63,0
363-8824,0,146.7,274,321.3,8.9,3,64,99,98,1,99,0
363-9663,0,256.5,199.5,188.3,7,3,112,90,122,5,126,0
363-9969,0,168.3,87.6,247.2,8.4,1,96,91,87,6,122,0
364-1134,0,131.9,167.6,205.9,14.7,3,96,107,106,5,58,0
364-1969,0,45,151.3,152.9,9.8,2,108,74,94,6,61,0
364-1995,0,187,134.6,242.2,7.4,2,133,74,127,5,142,0
364-2166,33,218.7,155,99,12.1,1,104,144,117,4,100,0
364-2439,35,200.4,272.8,214.5,8.3,1,104,89,100,4,116,0
364-2495,31,237.1,205.6,196.7,10.1,4,63,117,85,5,121,0
364-3286,0,166.7,179.3,242.7,6.8,4,61,88,131,7,88,0
364-3567,0,164.8,229.9,167.3,14.8,2,98,96,108,2,32,0
364-4927,0,158.6,220,252.9,9.1,0,112,114,106,3,106,0
364-5126,32,211,155.1,234.8,11.4,1,99,89,96,5,129,0
364-5362,0,185.1,233,152.2,9.1,0,126,98,106,7,141,0
364-5510,36,123.7,172.6,280.5,8.8,1,125,106,127,4,101,0
364-6381,0,213.8,159.6,139.2,5,2,105,84,137,10,184,1
364-6445,0,150.5,152.9,215.9,3.5,1,106,112,86,3,156,0
364-6801,0,241.2,116.5,152.2,10.6,0,134,114,91,4,42,0
364-7622,0,224.7,129.4,167.6,15.8,1,81,112,109,6,102,0
364-7644,45,130.5,208.4,141.6,11,4,114,94,114,5,55,0
364-7719,0,172.8,183.1,158.8,7.9,4,58,108,104,3,111,0
364-8128,0,125.4,261.5,241.6,11.4,2,116,95,104,9,105,0
364-8731,0,187.2,114.7,104.7,13.2,1,110,116,83,5,39,0
364-8774,0,167.6,176,250.9,13.4,2,96,89,113,6,95,0
364-8981,0,116.8,123.1,217.5,12,1,119,123,101,2,54,0
364-9040,0,148.5,219.4,198.5,14.5,1,126,125,121,7,68,1
364-9059,0,151.8,138,233.5,11.2,3,106,126,112,8,110,0
364-9240,34,156.6,71,261.7,13.4,1,134,95,120,10,131,0
364-9425,4,141.3,230.4,223.7,9.4,3,96,88,85,3,114,0
364-9567,45,174.5,217.5,220.3,12.2,1,120,95,67,2,130,0
364-9904,0,155,133.4,176.1,7,4,110,104,84,4,52,0
365-1664,0,215.9,145.4,186.9,12.1,1,76,118,129,4,137,0
365-1688,0,210.7,238.7,253.6,9.2,3,112,73,90,5,108,0
365-2008,0,268.3,185.5,264.6,6.3,1,114,111,88,7,79,0
365-2153,0,207.9,172,191.8,14.4,4,91,109,143,7,106,0
365-2192,24,180.5,224.1,205.7,2.4,0,85,92,103,3,221,0
365-2341,21,247.6,256.3,158.6,10.8,2,95,150,72,6,96,0
365-3493,0,201.9,154.7,164.4,9,1,101,78,79,2,176,0
365-3562,0,203.4,128.7,190.5,11,1,110,97,113,4,125,0
365-4387,28,172.9,137.6,203.8,8.3,1,109,94,109,6,47,0
365-4728,25,215.1,197.4,162.1,10.6,1,140,69,117,10,89,0
365-5039,0,166.2,255.3,228.1,5.4,1,112,81,97,7,86,0
365-5629,0,63.7,195.8,210.1,10,1,101,95,87,6,116,0
365-5682,24,219.9,208.5,352.5,8.1,3,118,116,111,4,147,1
365-5886,0,220.9,242.2,233.3,6.4,0,129,108,75,5,158,0
365-5979,0,250.3,260.6,195,13.3,2,100,90,104,2,46,0
365-6022,0,138.7,215.4,164.3,4.9,2,100,58,98,4,104,0
365-6205,0,175.4,159.5,260.6,11.6,0,130,130,96,4,70,0
365-6756,39,139.3,178.3,246.5,8.1,3,101,117,104,1,55,0
365-7774,0,145,294.3,239.8,11,4,103,93,120,2,97,1
365-7784,0,174,281.1,197.2,9.7,0,57,118,94,2,95,0
365-8114,0,215.6,200.6,153.8,12.4,1,113,81,107,6,141,0
365-8779,0,169.6,264.1,206.3,9.3,0,99,87,78,4,108,0
365-8831,0,234.8,199.2,163.2,10,4,125,99,88,1,102,0
365-9011,0,125.2,206.4,129.3,8.3,0,93,119,139,8,113,1
365-9079,0,180.9,194.9,197.8,8.8,3,79,83,109,9,149,1
365-9371,0,161.5,192.9,168.3,11.2,0,121,137,96,13,139,1
365-9696,0,221.1,110.8,240.1,10.6,0,124,94,112,3,74,0
366-1084,0,296,226.4,246.8,12.3,0,93,117,98,10,134,0
366-1613,0,259.4,172.7,293.7,10.7,1,99,125,78,6,136,0
366-2212,0,98.2,180.5,223.6,9.3,2,88,69,69,2,60,0
366-2273,0,236.9,197.7,309.1,11.4,2,93,113,78,7,85,0
366-2536,0,177.4,226.2,254.1,10.9,0,125,104,72,4,70,0
366-2541,36,95.9,261.6,228.6,13.3,0,87,105,109,4,83,0
366-2622,0,119.3,185.1,157,10.9,2,82,111,74,4,105,0
366-3358,0,271.4,190.4,284.7,11.1,4,119,102,118,6,98,0
366-3917,0,183.6,120.7,215.1,12.7,1,133,98,112,2,104,0
366-3944,22,197.1,259.4,134.7,14.6,2,113,95,135,5,135,0
366-4225,0,153.4,198.5,164.4,10.4,0,86,81,83,3,131,0
366-4287,0,62.9,202.9,259,8.9,1,112,111,58,8,63,1
366-4334,38,213.7,253,207.7,10.7,2,61,104,73,5,98,0
366-4426,0,129,188,235,11.2,2,78,116,102,3,67,0
366-4444,0,246.4,228.1,166.4,9.1,0,107,124,95,8,170,0
366-4467,0,278.4,81,163.2,9.8,1,106,113,137,5,104,0
366-5241,0,182.5,204.7,229.9,11.3,4,104,95,100,8,59,0
366-5640,0,154.1,204.2,196.2,9.8,2,104,112,92,4,39,0
366-5699,31,189.8,163.3,264.8,7.5,1,126,133,126,3,185,0
366-5780,0,74.5,200.8,192.2,9.8,3,117,98,101,7,110,0
366-5829,0,143.2,88.1,233.2,8.8,4,80,94,135,7,125,0
366-5918,0,200.4,309.2,152.1,10,1,87,105,118,2,74,0
366-6248,0,241.7,168.5,169.8,11.1,2,115,133,122,2,73,0
366-6345,0,226.7,228.1,73.2,17.6,2,98,115,93,4,70,1
366-6730,43,257.7,162.1,286.9,11.1,2,97,95,86,4,145,0
366-6751,0,126,144.3,302.8,7.6,1,96,80,102,3,212,0
366-6991,0,178.4,168.3,120.5,9.3,1,97,113,93,9,120,0
366-7069,0,180,145,233.7,11.5,2,88,77,120,6,122,0
366-7247,0,216.9,207.4,221.7,17.5,1,61,120,110,5,93,1
366-7331,0,197,190.4,211.9,16.1,0,88,68,104,8,95,0
366-7360,33,119.6,278.7,263.4,5.9,2,104,88,175,2,129,0
366-7560,0,224,210.7,231.9,2.1,0,99,80,75,5,123,0
366-7616,0,143.3,180.5,184.2,10.1,1,134,113,87,4,180,0
366-7912,0,248.7,220,265.7,13.2,1,109,118,78,2,62,0
366-8036,23,193.5,220.2,272.4,8.5,0,85,90,111,5,105,0
366-8382,0,235.1,196.8,259.7,7,3,97,104,110,7,36,0
366-8939,0,205.9,277.4,202,11,0,97,117,139,2,60,1
366-9015,0,220.8,156.2,187.9,10.5,2,111,67,89,4,94,0
366-9074,0,173.9,276.4,190.8,15.3,0,103,83,113,5,166,0
366-9211,0,150.1,200.1,266.7,11,2,120,85,105,3,113,0
366-9238,0,120.7,307.2,203,13.1,4,70,76,99,6,62,0
366-9430,0,207.8,123.5,291.6,5.7,0,109,112,115,9,60,0
366-9538,0,120.9,235,95.1,11.4,2,58,88,130,11,67,1
366-9781,22,160.1,168.7,23.2,9.5,3,107,136,102,4,76,0
367-1024,0,195.6,126.4,148.6,14.2,1,71,74,87,4,29,0
367-1062,0,140.6,178.6,217,6.8,2,109,51,83,3,105,0
367-1398,0,144.9,151.3,252.4,12.3,2,136,115,73,3,77,0
367-1424,41,130.9,203.4,171.7,12.4,1,115,110,68,4,75,0
367-1681,0,47.7,264.4,235.2,13.2,0,89,95,97,3,166,1
367-2056,34,198,273.7,217.9,7.6,1,70,121,71,4,48,0
367-2227,28,128.8,157.3,147.4,10.3,2,104,52,76,2,111,0
367-2436,0,119.2,228.4,197.9,8.4,2,142,139,61,9,106,0
367-2598,0,124.6,146.4,169.4,10.5,1,90,70,95,6,99,0
367-3220,0,278.9,190.2,255.2,11.7,0,110,67,84,7,71,0
367-3439,0,194.3,123.6,229.5,10.2,2,99,133,99,2,143,0
367-3648,0,51.9,162,223.5,10.1,3,108,83,115,3,141,0
367-3950,0,233.3,209.8,210.6,9.1,1,65,93,109,4,125,0
367-3971,0,132,197.5,175.8,0,3,90,75,114,0,115,0
367-4277,0,247.8,130,134.3,6.9,1,117,95,125,2,100,0
367-4853,0,199.6,214.3,196.8,7.2,3,93,99,110,5,166,0
367-5226,0,289.1,233.8,223.5,12.7,2,100,97,148,2,84,0
367-5923,0,159.8,210.1,175.1,13.1,2,143,93,86,7,113,0
367-6005,0,102,113.3,188.6,11.4,2,118,134,105,3,90,0
367-6136,30,61.6,255.1,225.9,12.4,1,103,110,96,5,155,0
367-7039,0,47.4,167.8,163.1,10.5,2,125,90,107,8,176,0
367-7906,0,125.5,269.8,235.8,8.9,1,139,93,110,8,86,0
367-8156,0,179.2,222.9,188.2,12.4,0,85,66,113,2,76,0
367-8168,0,199.6,211.4,72.4,11,3,89,96,84,4,136,1
367-8298,0,184.2,181.6,143.4,12.8,2,95,101,113,4,95,0
367-8692,0,217.6,279,250.7,10.4,2,87,71,65,4,162,0
367-8924,0,126.1,274.7,184.4,9.8,1,112,126,95,4,85,0
367-9127,28,220.3,285.8,203,9.4,4,96,72,111,6,101,0
367-9257,0,109.4,244.7,276.9,7.1,0,107,102,123,7,40,0
367-9259,0,144.8,164.9,231.5,8.2,2,84,141,75,4,16,0
367-9495,0,194.1,227.2,190.4,15.3,1,62,54,115,4,94,0
367-9765,39,198.2,280.4,129.6,11.3,1,107,132,73,7,75,0
368-1288,0,165,202.6,172.3,12.5,1,129,113,94,7,98,0
368-2074,0,193.7,186.6,223,11.6,0,108,98,100,8,101,1
368-2458,0,168.6,168.6,95.3,12.3,1,121,94,59,4,121,0
368-2583,0,205.6,169.5,220.1,10.9,0,69,93,64,3,16,0
368-2845,0,138.1,164.5,134.9,8.3,1,103,100,63,2,139,0
368-3078,0,174.5,213.7,164.7,10.3,4,73,114,116,5,102,0
368-3117,0,170.1,271.8,110.7,8.7,1,113,94,78,4,94,1
368-3287,31,237.2,213.1,192.7,10.7,1,85,100,87,4,93,0
368-3808,0,194.2,242.1,215.8,9.7,2,122,81,80,3,69,0
368-3931,39,94.8,219.1,197.4,11.4,1,89,91,65,5,90,0
368-5165,0,206.9,262.4,149.3,10.7,0,79,117,69,3,107,0
368-5437,0,193.3,128.3,162.1,11.6,5,106,94,119,4,132,0
368-5612,29,215.5,161.9,128.3,8.8,2,129,77,91,5,65,0
368-5628,0,234.4,179.3,285.5,10.4,3,61,111,117,6,124,0
368-5647,0,189.8,115.5,191.3,12.2,0,110,83,103,4,103,0
368-5758,0,137.6,143.5,273.7,9.6,2,106,94,110,6,72,0
368-6111,0,150,218.5,212.4,9.8,3,122,116,89,1,96,0
368-6174,0,124.3,207.1,157.4,14.8,0,68,88,93,1,119,0
368-6488,19,136.8,179.5,71.1,12.5,2,113,105,95,3,93,0
368-6892,31,193,224.8,197.6,10.3,2,99,87,91,8,129,0
368-7555,0,125.8,207.7,207.4,14.1,1,103,96,143,4,74,1
368-7706,0,119.2,168.3,204.7,12.2,4,88,110,119,6,149,0
368-8026,0,118.2,167.2,214.2,12.2,3,106,136,106,3,72,0
368-8283,0,252,150.2,151.8,9.6,2,120,106,96,1,120,0
368-8555,0,193.4,116.9,243.3,9.3,2,99,88,109,4,78,0
368-8600,0,195,210.5,180.6,11,0,92,83,92,13,83,0
368-8835,0,178.6,213.1,198,10.9,1,83,103,119,5,36,0
368-8964,0,203.2,152.5,197.8,9.7,2,81,99,76,3,139,0
368-8972,0,173.2,131.2,170.9,5.4,0,93,80,104,3,76,0
368-9007,0,210.3,195.8,221.6,11.2,1,66,76,82,7,85,0
368-9073,0,86.3,238.7,238.4,12.5,2,84,99,79,1,62,0
368-9507,0,169.6,234.7,285.4,11.2,0,96,112,83,4,57,0
368-9751,34,191.4,361.8,147.5,7.2,1,102,96,132,2,46,0
368-9860,0,110.5,223.2,169.5,10.5,3,79,111,64,3,137,0
369-1220,0,146.8,171.7,234.5,9.9,1,133,73,69,3,84,0
369-1904,0,203.4,182.9,213.7,13.8,1,125,88,121,2,84,0
369-1929,0,224.9,250,216.1,6.7,3,105,101,73,5,180,0
369-2214,24,183.6,203.8,166.9,6,2,138,90,89,3,116,0
369-2625,0,198.4,210.9,193.3,10.4,2,93,108,71,6,81,0
369-2743,0,159.5,195.4,102.4,7.1,1,115,118,86,7,33,0
369-2899,0,169.5,157.6,98.2,10.6,0,96,94,70,7,84,0
369-3214,0,83.4,232.2,146.7,7.6,1,110,137,114,5,132,0
369-3626,0,149,131,238.6,8.6,2,73,81,69,3,24,0
369-3756,38,224.7,294,290,9.8,0,121,131,61,6,100,0
369-4012,0,187.8,154.6,213.9,10.1,2,109,97,102,3,114,0
369-4377,0,109.1,217.4,188.4,12.8,0,117,124,141,6,67,0
369-4384,0,221.4,231.8,122.5,9.8,3,103,103,100,5,83,0
369-4962,0,134.7,235.9,260.2,7.6,3,96,90,113,6,70,0
369-5222,0,139.5,289.3,129.4,13.1,0,119,105,97,8,129,0
369-5449,0,243,183.9,184.3,15.3,0,91,77,109,6,24,0
369-5526,0,190.7,183.5,220.8,9.8,3,103,117,103,4,121,0
369-5810,0,177.2,270.4,231.5,14,2,88,99,90,2,120,0
369-5942,0,156,56,163.3,8.9,0,56,116,104,8,149,0
369-6012,22,215.4,328.7,160.5,7.8,1,123,98,89,6,141,0
369-6204,22,175.9,211.7,174.5,7.3,2,70,105,81,5,168,0
369-6308,0,148.2,285.1,166.4,6.2,2,71,91,155,3,86,0
369-6880,34,194.4,254.9,160.2,17.2,2,63,110,115,9,41,0
369-6890,26,198.8,166.6,198.5,14.4,1,115,67,118,3,188,1
369-7017,28,135.9,244.5,207.5,11.5,4,117,102,74,3,77,0
369-7049,0,206.9,224.4,197.4,8.3,3,115,86,60,2,123,0
369-7295,0,94.9,253.2,175.1,14.2,2,121,83,86,2,73,0
369-7903,0,240.1,180.4,133.4,8,3,115,91,122,6,132,0
369-8005,0,221.7,193,194.1,6.5,3,95,82,113,4,161,0
369-8024,27,267.9,263.3,178.1,8.3,1,103,74,106,2,110,1
369-8574,24,125.7,275.9,214.5,14.2,3,92,98,108,6,68,1
369-8576,33,193.4,231.6,226.2,11.1,2,105,79,90,11,57,0
369-8703,0,153.7,188.6,200.8,10.7,0,105,87,95,2,209,0
369-8871,0,192,139.5,187.4,5.5,2,89,88,102,4,65,0
369-9465,0,222.8,215.9,223.5,0,1,114,113,122,0,70,0
369-9772,41,162,324.7,160.1,11.9,0,82,77,112,5,134,0
370-1465,0,214,192.4,242.6,7.9,1,117,89,99,4,150,0
370-1525,0,226.7,168.4,188.7,10.2,0,94,129,117,1,68,0
370-2451,37,219.9,222.1,118.5,10,1,102,77,111,4,144,0
370-2688,0,260,210.5,234.7,9,1,123,127,70,3,61,0
370-2892,0,187.6,208.2,158.9,8.7,2,97,118,101,6,113,0
370-2957,21,214,180,134.5,10.6,0,113,114,82,5,87,0
370-3021,46,214.1,200.9,246.8,9.2,0,62,111,126,6,75,0
370-3032,0,123.8,319,237.6,7.3,2,107,125,78,4,91,0
370-3271,0,231.1,153.4,191.3,9.6,3,57,55,123,4,68,0
370-3359,0,226.1,201.5,246.2,10.3,1,105,107,98,5,75,0
370-3450,0,160.1,213.3,174.1,13,0,110,72,72,4,73,0
370-4139,33,231.8,232.9,206.9,7.6,1,78,79,121,4,180,0
370-4395,0,141.1,147.2,254.7,8,2,91,100,75,7,137,0
370-5001,0,175.1,216.9,243.7,9.9,1,144,69,146,3,36,0
370-5042,13,207.6,152.7,232.8,9.7,1,65,77,95,3,117,0
370-5361,0,254.3,78.9,153.2,11.8,2,113,104,69,2,124,0
370-5527,0,321.6,251.6,141.1,11.3,2,107,115,158,3,23,0
370-5626,34,204.5,132.8,190.1,14.8,2,79,113,117,9,129,0
370-7546,0,156.8,215.8,223.3,7.6,1,93,68,77,6,87,0
370-7550,22,213.8,141.8,142.2,7.2,0,102,86,123,3,41,0
370-7565,26,266.7,232.3,212.8,16.3,1,109,107,98,4,32,0
370-7574,30,198.4,75.3,181.2,5.8,3,129,77,77,3,121,0
370-8023,0,145.1,233.7,208.7,7.9,2,116,82,95,5,53,0
370-8262,42,137.3,184.2,231.4,10.2,0,95,94,70,3,62,0
370-8379,0,221.6,285.2,167.4,12.7,4,101,50,83,6,192,0
370-8463,28,221.6,288.4,240.3,9,1,74,100,105,2,86,0
370-8676,20,147.8,276.8,149.9,10.2,0,132,94,110,6,149,0
370-8786,0,240.3,162.5,231.9,11.9,0,130,83,136,3,73,0
370-9000,0,242.4,152.9,318.3,11.8,1,126,115,115,6,134,0
370-9116,0,337.4,227.4,153.9,15.8,0,120,116,114,7,83,0
370-9296,0,185,182.5,274.9,5.1,1,122,92,92,8,100,0
370-9533,21,19.5,140.9,179.7,7.9,0,149,109,111,1,138,0
370-9563,26,243.5,236.8,173.3,9,1,137,108,149,9,32,0
370-9592,40,105.2,341.3,165.7,6.3,2,61,79,97,3,181,0
370-9622,0,226.4,276.8,213.4,12.3,3,101,60,82,4,115,0
370-9755,33,174.9,248.2,164.6,13.5,1,103,105,116,3,122,0
371-1139,0,51.1,208.6,198,12.3,1,106,137,92,3,116,0
371-1187,0,180.5,230,232.5,10.6,0,126,98,73,3,63,0
371-1514,0,85.7,247.7,142.4,10.1,2,83,67,85,5,74,0
371-1727,0,150.6,169.1,221.2,10.4,8,125,126,104,8,103,0
371-2155,0,179.5,191.9,165.5,12,0,121,131,125,4,93,0
371-2316,19,110.5,227.8,243.6,11,1,87,97,84,4,98,0
371-2418,26,158.7,160.5,218.3,9.9,1,91,127,88,3,148,0
371-2500,0,165.4,273.7,210,8.7,0,106,109,93,3,225,0
371-3236,0,212.1,189.4,352.2,8.4,3,98,89,95,5,94,0
